cohort_month,order_month,month_number,retained_customers
2020-01,2020-01,0,241
2020-01,2020-02,0,1
2020-01,2020-02,1,5
2020-01,2020-03,1,1
2020-01,2020-03,2,1
2020-01,2020-04,2,2
2020-01,2020-04,3,5
2020-01,2020-05,3,5
2020-01,2020-05,4,3
2020-01,2020-06,4,2
2020-01,2020-06,5,5
2020-01,2020-07,5,5
2020-01,2020-07,6,4
2020-01,2020-08,6,4
2020-01,2020-08,7,4
2020-01,2020-09,7,1
2020-01,2020-09,8,3
2020-01,2020-10,8,3
2020-01,2020-10,9,6
2020-01,2020-11,9,4
2020-01,2020-11,10,1
2020-01,2020-12,10,4
2020-01,2021-01,11,4
2020-01,2021-01,12,8
2020-01,2021-02,12,6
2020-01,2021-02,13,3
2020-01,2021-03,14,2
2020-01,2021-04,14,2
2020-01,2021-04,15,2
2020-01,2021-05,15,6
2020-01,2021-05,16,3
2020-01,2021-06,16,6
2020-01,2021-06,17,1
2020-01,2021-07,17,4
2020-01,2021-07,18,1
2020-01,2021-08,18,5
2020-01,2021-09,19,4
2020-01,2021-09,20,2
2020-01,2021-10,20,6
2020-01,2021-10,21,7
2020-01,2021-11,21,2
2020-01,2021-11,22,1
2020-01,2021-12,22,5
2020-01,2021-12,23,2
2020-01,2022-01,23,5
2020-01,2022-01,24,3
2020-01,2022-02,24,6
2020-01,2022-02,25,2
2020-01,2022-03,25,3
2020-01,2022-03,26,3
2020-01,2022-04,26,1
2020-01,2022-04,27,7
2020-01,2022-05,27,5
2020-01,2022-05,28,1
2020-01,2022-06,28,4
2020-01,2022-06,29,2
2020-01,2022-07,29,1
2020-01,2022-07,30,1
2020-01,2022-08,30,6
2020-01,2022-08,31,3
2020-01,2022-09,31,4
2020-01,2022-10,32,6
2020-01,2022-10,33,2
2020-01,2022-11,33,4
2020-01,2022-11,34,1
2020-01,2022-12,34,3
2020-01,2022-12,35,2
2020-01,2023-01,35,4
2020-01,2023-01,36,4
2020-01,2023-02,36,5
2020-01,2023-02,37,6
2020-01,2023-03,37,1
2020-01,2023-03,38,4
2020-01,2023-04,38,1
2020-01,2023-04,39,2
2020-01,2023-05,39,5
2020-01,2023-05,40,5
2020-01,2023-06,40,3
2020-01,2023-06,41,1
2020-01,2023-07,41,4
2020-01,2023-07,42,3
2020-01,2023-08,42,4
2020-01,2023-08,43,2
2020-01,2023-09,43,4
2020-01,2023-09,44,2
2020-01,2023-10,44,3
2020-01,2023-10,45,2
2020-01,2023-11,45,2
2020-01,2023-11,46,4
2020-01,2023-12,46,2
2020-01,2023-12,47,3
2020-01,2024-01,47,1
2020-01,2024-01,48,3
2020-01,2024-02,48,1
2020-01,2024-02,49,3
2020-01,2024-03,49,5
2020-01,2024-03,50,2
2020-01,2024-04,50,1
2020-01,2024-04,51,5
2020-01,2024-05,51,3
2020-01,2024-05,52,3
2020-01,2024-06,52,3
2020-01,2024-06,53,2
2020-01,2024-07,53,6
2020-01,2024-07,54,5
2020-01,2024-08,54,2
2020-01,2024-08,55,3
2020-01,2024-09,56,3
2020-01,2024-10,56,2
2020-01,2024-10,57,2
2020-01,2024-11,57,2
2020-01,2024-11,58,1
2020-01,2024-12,58,3
2020-01,2024-12,59,1
2020-01,2025-01,59,2
2020-01,2025-01,60,4
2020-01,2025-02,60,3
2020-01,2025-02,61,1
2020-01,2025-03,61,1
2020-01,2025-03,62,3
2020-01,2025-04,62,3
2020-01,2025-04,63,3
2020-02,2020-02,0,228
2020-02,2020-03,0,3
2020-02,2020-03,1,1
2020-02,2020-04,1,4
2020-02,2020-04,2,4
2020-02,2020-05,2,4
2020-02,2020-05,3,2
2020-02,2020-06,3,2
2020-02,2020-06,4,4
2020-02,2020-07,4,2
2020-02,2020-07,5,3
2020-02,2020-08,5,4
2020-02,2020-08,6,2
2020-02,2020-09,6,7
2020-02,2020-09,7,4
2020-02,2020-10,7,4
2020-02,2020-10,8,6
2020-02,2020-11,8,2
2020-02,2020-11,9,1
2020-02,2020-12,10,5
2020-02,2021-01,10,1
2020-02,2021-01,11,6
2020-02,2021-02,11,2
2020-02,2021-02,12,4
2020-02,2021-03,12,3
2020-02,2021-03,13,3
2020-02,2021-04,13,3
2020-02,2021-04,14,3
2020-02,2021-05,14,2
2020-02,2021-06,15,3
2020-02,2021-06,16,2
2020-02,2021-07,16,4
2020-02,2021-07,17,3
2020-02,2021-08,17,2
2020-02,2021-08,18,3
2020-02,2021-09,18,3
2020-02,2021-10,19,4
2020-02,2021-10,20,5
2020-02,2021-11,20,3
2020-02,2021-11,21,2
2020-02,2021-12,21,2
2020-02,2021-12,22,2
2020-02,2022-01,22,3
2020-02,2022-01,23,1
2020-02,2022-02,23,4
2020-02,2022-02,24,2
2020-02,2022-03,24,2
2020-02,2022-03,25,4
2020-02,2022-04,26,3
2020-02,2022-05,26,3
2020-02,2022-05,27,3
2020-02,2022-06,27,4
2020-02,2022-06,28,6
2020-02,2022-07,28,2
2020-02,2022-07,29,5
2020-02,2022-08,29,4
2020-02,2022-08,30,5
2020-02,2022-09,30,4
2020-02,2022-09,31,4
2020-02,2022-10,31,1
2020-02,2022-10,32,5
2020-02,2022-11,32,3
2020-02,2022-11,33,3
2020-02,2022-12,33,1
2020-02,2022-12,34,3
2020-02,2023-01,34,4
2020-02,2023-01,35,3
2020-02,2023-02,35,3
2020-02,2023-02,36,1
2020-02,2023-03,36,4
2020-02,2023-03,37,2
2020-02,2023-04,37,1
2020-02,2023-04,38,5
2020-02,2023-05,38,3
2020-02,2023-05,39,4
2020-02,2023-06,39,1
2020-02,2023-06,40,1
2020-02,2023-07,40,1
2020-02,2023-07,41,7
2020-02,2023-08,41,3
2020-02,2023-08,42,2
2020-02,2023-09,42,3
2020-02,2023-09,43,3
2020-02,2023-10,43,1
2020-02,2023-10,44,3
2020-02,2023-11,44,4
2020-02,2023-11,45,4
2020-02,2023-12,45,2
2020-02,2023-12,46,1
2020-02,2024-01,46,4
2020-02,2024-01,47,3
2020-02,2024-02,48,4
2020-02,2024-03,49,2
2020-02,2024-04,49,4
2020-02,2024-04,50,4
2020-02,2024-05,50,2
2020-02,2024-05,51,2
2020-02,2024-06,51,6
2020-02,2024-06,52,3
2020-02,2024-07,52,3
2020-02,2024-08,53,2
2020-02,2024-08,54,2
2020-02,2024-09,54,4
2020-02,2024-09,55,3
2020-02,2024-10,55,4
2020-02,2024-10,56,7
2020-02,2024-11,56,3
2020-02,2024-11,57,5
2020-02,2024-12,57,1
2020-02,2024-12,58,5
2020-02,2025-01,58,1
2020-02,2025-01,59,3
2020-02,2025-02,60,5
2020-02,2025-03,60,3
2020-02,2025-03,61,4
2020-02,2025-04,61,4
2020-02,2025-04,62,6
2020-03,2020-03,0,207
2020-03,2020-05,1,4
2020-03,2020-05,2,1
2020-03,2020-06,2,4
2020-03,2020-06,3,3
2020-03,2020-07,3,5
2020-03,2020-07,4,3
2020-03,2020-08,5,2
2020-03,2020-09,5,1
2020-03,2020-09,6,4
2020-03,2020-10,6,4
2020-03,2020-10,7,5
2020-03,2020-11,7,3
2020-03,2020-11,8,4
2020-03,2020-12,8,2
2020-03,2020-12,9,3
2020-03,2021-01,9,3
2020-03,2021-01,10,3
2020-03,2021-02,10,1
2020-03,2021-02,11,2
2020-03,2021-03,11,4
2020-03,2021-03,12,3
2020-03,2021-04,12,2
2020-03,2021-04,13,3
2020-03,2021-05,13,1
2020-03,2021-05,14,4
2020-03,2021-06,14,3
2020-03,2021-06,15,2
2020-03,2021-07,15,4
2020-03,2021-07,16,6
2020-03,2021-08,16,2
2020-03,2021-08,17,3
2020-03,2021-09,17,4
2020-03,2021-09,18,6
2020-03,2021-10,18,1
2020-03,2021-10,19,2
2020-03,2021-11,19,1
2020-03,2021-11,20,4
2020-03,2021-12,20,3
2020-03,2021-12,21,6
2020-03,2022-01,21,3
2020-03,2022-01,22,2
2020-03,2022-02,23,1
2020-03,2022-03,23,1
2020-03,2022-03,24,3
2020-03,2022-04,24,1
2020-03,2022-04,25,1
2020-03,2022-05,25,2
2020-03,2022-06,26,3
2020-03,2022-06,27,2
2020-03,2022-07,27,2
2020-03,2022-07,28,4
2020-03,2022-08,28,4
2020-03,2022-08,29,3
2020-03,2022-09,29,2
2020-03,2022-09,30,2
2020-03,2022-10,30,1
2020-03,2022-10,31,2
2020-03,2022-11,31,2
2020-03,2022-12,32,3
2020-03,2022-12,33,5
2020-03,2023-01,33,2
2020-03,2023-01,34,5
2020-03,2023-02,34,5
2020-03,2023-02,35,2
2020-03,2023-03,35,1
2020-03,2023-03,36,5
2020-03,2023-04,36,5
2020-03,2023-05,37,5
2020-03,2023-05,38,3
2020-03,2023-06,38,1
2020-03,2023-06,39,4
2020-03,2023-07,39,5
2020-03,2023-07,40,2
2020-03,2023-08,40,3
2020-03,2023-08,41,2
2020-03,2023-09,41,2
2020-03,2023-09,42,3
2020-03,2023-10,42,3
2020-03,2023-10,43,4
2020-03,2023-11,43,3
2020-03,2023-11,44,1
2020-03,2023-12,45,4
2020-03,2024-01,45,1
2020-03,2024-01,46,2
2020-03,2024-02,46,3
2020-03,2024-02,47,1
2020-03,2024-03,47,2
2020-03,2024-03,48,9
2020-03,2024-04,49,5
2020-03,2024-05,49,2
2020-03,2024-05,50,1
2020-03,2024-06,51,1
2020-03,2024-07,52,4
2020-03,2024-08,52,1
2020-03,2024-08,53,4
2020-03,2024-09,53,2
2020-03,2024-09,54,4
2020-03,2024-10,55,4
2020-03,2024-11,55,1
2020-03,2024-11,56,4
2020-03,2024-12,56,3
2020-03,2024-12,57,1
2020-03,2025-01,57,2
2020-03,2025-01,58,3
2020-03,2025-02,58,3
2020-03,2025-02,59,5
2020-03,2025-03,59,2
2020-03,2025-04,61,6
2020-04,2020-04,0,200
2020-04,2020-05,1,2
2020-04,2020-06,1,1
2020-04,2020-06,2,6
2020-04,2020-07,2,6
2020-04,2020-07,3,4
2020-04,2020-08,3,1
2020-04,2020-08,4,4
2020-04,2020-09,4,2
2020-04,2020-10,5,2
2020-04,2020-10,6,3
2020-04,2020-11,6,2
2020-04,2020-11,7,4
2020-04,2020-12,7,4
2020-04,2020-12,8,5
2020-04,2021-01,8,1
2020-04,2021-01,9,2
2020-04,2021-02,9,6
2020-04,2021-02,10,2
2020-04,2021-03,10,1
2020-04,2021-03,11,2
2020-04,2021-04,11,3
2020-04,2021-04,12,2
2020-04,2021-05,12,3
2020-04,2021-05,13,4
2020-04,2021-06,13,3
2020-04,2021-06,14,5
2020-04,2021-07,14,3
2020-04,2021-07,15,2
2020-04,2021-08,15,2
2020-04,2021-08,16,2
2020-04,2021-09,16,1
2020-04,2021-09,17,2
2020-04,2021-10,17,1
2020-04,2021-10,18,4
2020-04,2021-11,18,1
2020-04,2021-11,19,6
2020-04,2021-12,19,2
2020-04,2021-12,20,3
2020-04,2022-01,20,2
2020-04,2022-01,21,2
2020-04,2022-02,21,4
2020-04,2022-02,22,2
2020-04,2022-03,22,4
2020-04,2022-03,23,3
2020-04,2022-04,23,1
2020-04,2022-04,24,1
2020-04,2022-05,24,3
2020-04,2022-05,25,1
2020-04,2022-06,25,4
2020-04,2022-06,26,3
2020-04,2022-07,26,2
2020-04,2022-07,27,1
2020-04,2022-08,27,3
2020-04,2022-08,28,2
2020-04,2022-09,28,2
2020-04,2022-09,29,1
2020-04,2022-10,30,2
2020-04,2022-11,30,3
2020-04,2022-11,31,1
2020-04,2022-12,31,4
2020-04,2022-12,32,1
2020-04,2023-01,32,2
2020-04,2023-02,33,1
2020-04,2023-02,34,2
2020-04,2023-03,34,2
2020-04,2023-03,35,4
2020-04,2023-04,36,2
2020-04,2023-05,36,2
2020-04,2023-06,37,1
2020-04,2023-06,38,5
2020-04,2023-07,38,1
2020-04,2023-07,39,2
2020-04,2023-08,39,1
2020-04,2023-08,40,1
2020-04,2023-09,40,2
2020-04,2023-09,41,4
2020-04,2023-10,41,4
2020-04,2023-10,42,2
2020-04,2023-11,42,3
2020-04,2023-11,43,1
2020-04,2023-12,43,7
2020-04,2023-12,44,6
2020-04,2024-01,44,3
2020-04,2024-01,45,4
2020-04,2024-02,45,4
2020-04,2024-02,46,3
2020-04,2024-03,46,1
2020-04,2024-03,47,3
2020-04,2024-04,47,4
2020-04,2024-04,48,1
2020-04,2024-05,48,5
2020-04,2024-05,49,4
2020-04,2024-06,49,1
2020-04,2024-06,50,2
2020-04,2024-07,50,4
2020-04,2024-07,51,2
2020-04,2024-08,51,1
2020-04,2024-09,52,3
2020-04,2024-09,53,5
2020-04,2024-10,53,2
2020-04,2024-10,54,1
2020-04,2024-11,54,2
2020-04,2024-11,55,7
2020-04,2024-12,55,1
2020-04,2024-12,56,3
2020-04,2025-01,56,1
2020-04,2025-01,57,5
2020-04,2025-02,57,1
2020-04,2025-03,59,4
2020-04,2025-04,59,4
2020-04,2025-04,60,1
2020-05,2020-05,0,209
2020-05,2020-06,0,2
2020-05,2020-06,1,2
2020-05,2020-07,1,4
2020-05,2020-07,2,6
2020-05,2020-08,2,3
2020-05,2020-09,3,1
2020-05,2020-09,4,4
2020-05,2020-10,4,5
2020-05,2020-10,5,2
2020-05,2020-11,5,6
2020-05,2020-11,6,2
2020-05,2020-12,6,2
2020-05,2020-12,7,4
2020-05,2021-01,7,4
2020-05,2021-01,8,4
2020-05,2021-02,8,4
2020-05,2021-02,9,1
2020-05,2021-03,9,1
2020-05,2021-03,10,4
2020-05,2021-04,10,1
2020-05,2021-04,11,2
2020-05,2021-05,11,4
2020-05,2021-05,12,4
2020-05,2021-06,12,1
2020-05,2021-06,13,3
2020-05,2021-07,13,1
2020-05,2021-07,14,4
2020-05,2021-08,14,1
2020-05,2021-08,15,1
2020-05,2021-09,15,7
2020-05,2021-09,16,2
2020-05,2021-10,16,3
2020-05,2021-10,17,2
2020-05,2021-11,17,2
2020-05,2021-11,18,5
2020-05,2021-12,19,2
2020-05,2022-01,19,2
2020-05,2022-01,20,3
2020-05,2022-02,20,1
2020-05,2022-02,21,3
2020-05,2022-03,21,1
2020-05,2022-03,22,3
2020-05,2022-04,22,5
2020-05,2022-04,23,1
2020-05,2022-05,23,1
2020-05,2022-05,24,3
2020-05,2022-06,25,2
2020-05,2022-07,25,5
2020-05,2022-07,26,4
2020-05,2022-08,26,4
2020-05,2022-08,27,5
2020-05,2022-09,27,2
2020-05,2022-09,28,2
2020-05,2022-10,28,2
2020-05,2022-10,29,2
2020-05,2022-11,29,4
2020-05,2022-11,30,1
2020-05,2022-12,30,3
2020-05,2022-12,31,3
2020-05,2023-01,31,4
2020-05,2023-01,32,6
2020-05,2023-02,32,1
2020-05,2023-02,33,4
2020-05,2023-03,33,1
2020-05,2023-03,34,1
2020-05,2023-04,34,8
2020-05,2023-04,35,2
2020-05,2023-05,35,2
2020-05,2023-05,36,2
2020-05,2023-06,36,4
2020-05,2023-06,37,2
2020-05,2023-07,37,8
2020-05,2023-07,38,4
2020-05,2023-08,38,3
2020-05,2023-08,39,2
2020-05,2023-09,40,1
2020-05,2023-10,40,3
2020-05,2023-10,41,2
2020-05,2023-11,41,2
2020-05,2023-12,42,2
2020-05,2023-12,43,2
2020-05,2024-01,43,4
2020-05,2024-02,44,2
2020-05,2024-02,45,2
2020-05,2024-03,45,7
2020-05,2024-03,46,1
2020-05,2024-04,46,1
2020-05,2024-04,47,2
2020-05,2024-05,47,1
2020-05,2024-05,48,6
2020-05,2024-06,48,3
2020-05,2024-06,49,5
2020-05,2024-07,49,3
2020-05,2024-07,50,4
2020-05,2024-08,50,2
2020-05,2024-08,51,1
2020-05,2024-09,51,3
2020-05,2024-10,52,2
2020-05,2024-10,53,2
2020-05,2024-11,53,3
2020-05,2024-11,54,3
2020-05,2024-12,54,3
2020-05,2024-12,55,3
2020-05,2025-01,55,2
2020-05,2025-01,56,3
2020-05,2025-02,56,4
2020-05,2025-02,57,2
2020-05,2025-03,58,7
2020-05,2025-04,58,1
2020-05,2025-04,59,3
2020-06,2020-06,0,208
2020-06,2020-07,0,3
2020-06,2020-07,1,4
2020-06,2020-08,1,4
2020-06,2020-08,2,4
2020-06,2020-09,2,3
2020-06,2020-09,3,2
2020-06,2020-10,3,4
2020-06,2020-10,4,2
2020-06,2020-11,4,2
2020-06,2020-11,5,4
2020-06,2020-12,5,1
2020-06,2020-12,6,4
2020-06,2021-01,6,4
2020-06,2021-01,7,2
2020-06,2021-02,7,4
2020-06,2021-02,8,3
2020-06,2021-03,8,2
2020-06,2021-03,9,2
2020-06,2021-04,9,4
2020-06,2021-04,10,4
2020-06,2021-05,10,4
2020-06,2021-05,11,1
2020-06,2021-06,11,2
2020-06,2021-07,13,5
2020-06,2021-08,13,3
2020-06,2021-08,14,5
2020-06,2021-09,14,2
2020-06,2021-09,15,4
2020-06,2021-10,15,1
2020-06,2021-10,16,3
2020-06,2021-11,16,3
2020-06,2021-11,17,2
2020-06,2021-12,17,2
2020-06,2021-12,18,3
2020-06,2022-01,18,2
2020-06,2022-01,19,3
2020-06,2022-02,19,1
2020-06,2022-02,20,3
2020-06,2022-03,20,1
2020-06,2022-04,21,1
2020-06,2022-04,22,2
2020-06,2022-05,22,3
2020-06,2022-05,23,2
2020-06,2022-06,23,2
2020-06,2022-06,24,2
2020-06,2022-07,24,5
2020-06,2022-07,25,1
2020-06,2022-08,25,2
2020-06,2022-08,26,4
2020-06,2022-09,26,2
2020-06,2022-09,27,1
2020-06,2022-10,27,4
2020-06,2022-10,28,3
2020-06,2022-11,28,5
2020-06,2022-12,29,3
2020-06,2022-12,30,2
2020-06,2023-01,30,7
2020-06,2023-01,31,1
2020-06,2023-02,31,3
2020-06,2023-02,32,2
2020-06,2023-03,32,3
2020-06,2023-03,33,8
2020-06,2023-04,33,4
2020-06,2023-04,34,4
2020-06,2023-05,34,5
2020-06,2023-05,35,3
2020-06,2023-06,35,3
2020-06,2023-06,36,2
2020-06,2023-07,36,1
2020-06,2023-07,37,1
2020-06,2023-08,38,5
2020-06,2023-09,38,3
2020-06,2023-09,39,1
2020-06,2023-10,39,3
2020-06,2023-10,40,3
2020-06,2023-11,40,4
2020-06,2023-11,41,1
2020-06,2023-12,41,3
2020-06,2023-12,42,1
2020-06,2024-01,42,2
2020-06,2024-01,43,4
2020-06,2024-02,43,4
2020-06,2024-02,44,5
2020-06,2024-03,44,2
2020-06,2024-03,45,5
2020-06,2024-04,45,2
2020-06,2024-04,46,1
2020-06,2024-05,46,4
2020-06,2024-05,47,6
2020-06,2024-06,47,3
2020-06,2024-06,48,5
2020-06,2024-07,48,2
2020-06,2024-07,49,4
2020-06,2024-08,50,1
2020-06,2024-09,50,2
2020-06,2024-09,51,2
2020-06,2024-10,51,3
2020-06,2024-10,52,4
2020-06,2024-11,52,5
2020-06,2024-11,53,4
2020-06,2024-12,53,1
2020-06,2024-12,54,2
2020-06,2025-01,54,2
2020-06,2025-01,55,2
2020-06,2025-02,55,1
2020-06,2025-02,56,4
2020-06,2025-03,56,4
2020-06,2025-03,57,2
2020-06,2025-04,57,4
2020-06,2025-04,58,2
2020-07,2020-07,0,206
2020-07,2020-08,0,2
2020-07,2020-08,1,9
2020-07,2020-09,2,1
2020-07,2020-10,2,1
2020-07,2020-10,3,3
2020-07,2020-11,4,1
2020-07,2020-12,4,1
2020-07,2020-12,5,3
2020-07,2021-01,5,3
2020-07,2021-01,6,1
2020-07,2021-02,6,6
2020-07,2021-02,7,2
2020-07,2021-03,7,3
2020-07,2021-03,8,2
2020-07,2021-04,8,3
2020-07,2021-04,9,1
2020-07,2021-05,9,4
2020-07,2021-05,10,7
2020-07,2021-06,10,4
2020-07,2021-06,11,1
2020-07,2021-07,11,2
2020-07,2021-07,12,2
2020-07,2021-08,12,2
2020-07,2021-08,13,1
2020-07,2021-09,13,5
2020-07,2021-09,14,4
2020-07,2021-10,14,2
2020-07,2021-10,15,3
2020-07,2021-11,15,4
2020-07,2021-11,16,2
2020-07,2021-12,16,3
2020-07,2021-12,17,3
2020-07,2022-01,17,3
2020-07,2022-01,18,2
2020-07,2022-02,18,4
2020-07,2022-02,19,1
2020-07,2022-03,19,3
2020-07,2022-03,20,1
2020-07,2022-04,20,3
2020-07,2022-04,21,2
2020-07,2022-05,21,3
2020-07,2022-05,22,4
2020-07,2022-06,22,2
2020-07,2022-06,23,4
2020-07,2022-07,23,2
2020-07,2022-07,24,5
2020-07,2022-08,24,3
2020-07,2022-08,25,1
2020-07,2022-09,25,1
2020-07,2022-09,26,4
2020-07,2022-10,26,5
2020-07,2022-10,27,3
2020-07,2022-11,27,1
2020-07,2022-11,28,3
2020-07,2022-12,29,3
2020-07,2023-01,29,4
2020-07,2023-01,30,4
2020-07,2023-02,30,3
2020-07,2023-03,31,1
2020-07,2023-04,32,3
2020-07,2023-04,33,2
2020-07,2023-05,33,1
2020-07,2023-05,34,4
2020-07,2023-06,34,3
2020-07,2023-06,35,3
2020-07,2023-07,35,3
2020-07,2023-07,36,5
2020-07,2023-08,36,3
2020-07,2023-08,37,5
2020-07,2023-09,37,3
2020-07,2023-09,38,5
2020-07,2023-10,38,3
2020-07,2023-10,39,2
2020-07,2023-11,39,2
2020-07,2023-11,40,2
2020-07,2023-12,41,1
2020-07,2024-01,41,3
2020-07,2024-01,42,1
2020-07,2024-02,42,3
2020-07,2024-02,43,5
2020-07,2024-03,43,3
2020-07,2024-03,44,1
2020-07,2024-04,44,3
2020-07,2024-04,45,2
2020-07,2024-05,45,5
2020-07,2024-05,46,1
2020-07,2024-06,46,4
2020-07,2024-07,47,2
2020-07,2024-07,48,7
2020-07,2024-08,48,2
2020-07,2024-08,49,1
2020-07,2024-09,49,1
2020-07,2024-10,50,4
2020-07,2024-10,51,2
2020-07,2024-11,51,3
2020-07,2024-11,52,4
2020-07,2024-12,52,2
2020-07,2025-01,53,8
2020-07,2025-01,54,3
2020-07,2025-02,54,2
2020-07,2025-02,55,2
2020-07,2025-03,55,1
2020-07,2025-03,56,4
2020-07,2025-04,56,4
2020-08,2020-08,0,190
2020-08,2020-09,0,2
2020-08,2020-09,1,1
2020-08,2020-10,1,3
2020-08,2020-10,2,1
2020-08,2020-11,2,2
2020-08,2020-11,3,4
2020-08,2020-12,3,1
2020-08,2020-12,4,7
2020-08,2021-01,4,1
2020-08,2021-01,5,9
2020-08,2021-02,5,4
2020-08,2021-02,6,3
2020-08,2021-03,6,3
2020-08,2021-03,7,2
2020-08,2021-04,7,1
2020-08,2021-04,8,5
2020-08,2021-05,8,1
2020-08,2021-05,9,2
2020-08,2021-06,9,1
2020-08,2021-06,10,2
2020-08,2021-07,10,4
2020-08,2021-07,11,2
2020-08,2021-08,11,1
2020-08,2021-08,12,2
2020-08,2021-09,12,1
2020-08,2021-09,13,5
2020-08,2021-10,13,4
2020-08,2021-10,14,2
2020-08,2021-11,14,2
2020-08,2021-11,15,2
2020-08,2021-12,15,4
2020-08,2021-12,16,1
2020-08,2022-01,16,1
2020-08,2022-01,17,5
2020-08,2022-02,17,1
2020-08,2022-02,18,1
2020-08,2022-03,18,2
2020-08,2022-03,19,2
2020-08,2022-04,19,1
2020-08,2022-04,20,1
2020-08,2022-05,20,1
2020-08,2022-05,21,3
2020-08,2022-06,22,1
2020-08,2022-07,22,7
2020-08,2022-07,23,1
2020-08,2022-08,23,5
2020-08,2022-08,24,1
2020-08,2022-09,24,2
2020-08,2022-09,25,3
2020-08,2022-10,25,1
2020-08,2022-10,26,1
2020-08,2022-11,26,3
2020-08,2022-12,27,2
2020-08,2022-12,28,2
2020-08,2023-01,28,2
2020-08,2023-01,29,3
2020-08,2023-02,30,3
2020-08,2023-03,30,3
2020-08,2023-03,31,1
2020-08,2023-04,32,1
2020-08,2023-05,32,2
2020-08,2023-05,33,3
2020-08,2023-06,33,2
2020-08,2023-06,34,1
2020-08,2023-07,34,1
2020-08,2023-08,35,2
2020-08,2023-08,36,2
2020-08,2023-09,36,4
2020-08,2023-09,37,4
2020-08,2023-10,37,3
2020-08,2023-10,38,7
2020-08,2023-11,38,4
2020-08,2023-11,39,2
2020-08,2023-12,39,2
2020-08,2023-12,40,1
2020-08,2024-01,40,2
2020-08,2024-01,41,7
2020-08,2024-02,41,1
2020-08,2024-02,42,3
2020-08,2024-03,42,2
2020-08,2024-03,43,2
2020-08,2024-04,43,2
2020-08,2024-04,44,4
2020-08,2024-05,44,2
2020-08,2024-05,45,1
2020-08,2024-06,45,2
2020-08,2024-06,46,2
2020-08,2024-07,46,1
2020-08,2024-07,47,3
2020-08,2024-08,47,2
2020-08,2024-08,48,2
2020-08,2024-09,48,2
2020-08,2024-09,49,1
2020-08,2024-10,49,1
2020-08,2024-10,50,4
2020-08,2024-11,50,4
2020-08,2024-11,51,2
2020-08,2024-12,51,2
2020-08,2024-12,52,2
2020-08,2025-01,52,1
2020-08,2025-01,53,1
2020-08,2025-02,53,3
2020-08,2025-02,54,4
2020-08,2025-03,54,4
2020-08,2025-03,55,3
2020-08,2025-04,55,5
2020-08,2025-04,56,3
2020-09,2020-09,0,162
2020-09,2020-10,0,5
2020-09,2020-10,1,3
2020-09,2020-11,2,2
2020-09,2020-12,2,4
2020-09,2020-12,3,1
2020-09,2021-01,3,1
2020-09,2021-01,4,3
2020-09,2021-02,4,2
2020-09,2021-02,5,1
2020-09,2021-03,5,4
2020-09,2021-03,6,3
2020-09,2021-04,7,1
2020-09,2021-05,7,4
2020-09,2021-05,8,1
2020-09,2021-06,8,2
2020-09,2021-06,9,3
2020-09,2021-07,9,1
2020-09,2021-07,10,1
2020-09,2021-08,10,1
2020-09,2021-08,11,5
2020-09,2021-09,11,2
2020-09,2021-10,12,4
2020-09,2021-10,13,1
2020-09,2021-11,13,1
2020-09,2021-11,14,5
2020-09,2021-12,14,2
2020-09,2021-12,15,3
2020-09,2022-01,15,2
2020-09,2022-01,16,2
2020-09,2022-02,16,5
2020-09,2022-02,17,1
2020-09,2022-03,17,1
2020-09,2022-03,18,2
2020-09,2022-04,18,7
2020-09,2022-04,19,3
2020-09,2022-05,19,1
2020-09,2022-06,20,2
2020-09,2022-06,21,4
2020-09,2022-07,21,2
2020-09,2022-07,22,3
2020-09,2022-08,22,2
2020-09,2022-08,23,3
2020-09,2022-09,23,1
2020-09,2022-09,24,2
2020-09,2022-10,24,1
2020-09,2022-10,25,3
2020-09,2022-11,25,6
2020-09,2022-11,26,3
2020-09,2022-12,26,2
2020-09,2022-12,27,2
2020-09,2023-01,27,2
2020-09,2023-01,28,2
2020-09,2023-02,28,4
2020-09,2023-02,29,1
2020-09,2023-03,29,2
2020-09,2023-03,30,2
2020-09,2023-04,30,4
2020-09,2023-05,31,2
2020-09,2023-05,32,2
2020-09,2023-06,32,3
2020-09,2023-06,33,4
2020-09,2023-07,33,5
2020-09,2023-08,34,5
2020-09,2023-08,35,3
2020-09,2023-09,35,3
2020-09,2023-09,36,3
2020-09,2023-10,36,1
2020-09,2023-10,37,3
2020-09,2023-11,37,2
2020-09,2023-11,38,3
2020-09,2023-12,38,2
2020-09,2023-12,39,3
2020-09,2024-01,39,2
2020-09,2024-01,40,4
2020-09,2024-02,40,1
2020-09,2024-03,41,3
2020-09,2024-03,42,4
2020-09,2024-04,43,2
2020-09,2024-05,43,1
2020-09,2024-05,44,3
2020-09,2024-06,44,4
2020-09,2024-06,45,3
2020-09,2024-07,45,2
2020-09,2024-07,46,3
2020-09,2024-08,47,1
2020-09,2024-09,47,2
2020-09,2024-09,48,1
2020-09,2024-10,48,2
2020-09,2024-10,49,2
2020-09,2024-11,49,2
2020-09,2024-11,50,1
2020-09,2024-12,51,2
2020-09,2025-01,51,1
2020-09,2025-02,52,5
2020-09,2025-02,53,2
2020-09,2025-03,53,1
2020-09,2025-04,54,1
2020-09,2025-04,55,3
2020-10,2020-10,0,179
2020-10,2020-11,0,3
2020-10,2020-11,1,2
2020-10,2020-12,2,2
2020-10,2021-01,2,2
2020-10,2021-01,3,1
2020-10,2021-02,3,5
2020-10,2021-02,4,2
2020-10,2021-03,4,5
2020-10,2021-03,5,3
2020-10,2021-04,5,4
2020-10,2021-04,6,1
2020-10,2021-05,6,3
2020-10,2021-05,7,2
2020-10,2021-06,7,1
2020-10,2021-06,8,3
2020-10,2021-07,8,1
2020-10,2021-07,9,2
2020-10,2021-08,9,1
2020-10,2021-08,10,2
2020-10,2021-09,10,3
2020-10,2021-09,11,1
2020-10,2021-10,12,5
2020-10,2021-11,12,3
2020-10,2021-11,13,2
2020-10,2021-12,13,3
2020-10,2021-12,14,6
2020-10,2022-01,14,1
2020-10,2022-01,15,3
2020-10,2022-02,15,1
2020-10,2022-02,16,4
2020-10,2022-03,16,2
2020-10,2022-03,17,1
2020-10,2022-04,17,3
2020-10,2022-04,18,2
2020-10,2022-05,18,3
2020-10,2022-05,19,2
2020-10,2022-06,20,4
2020-10,2022-07,20,4
2020-10,2022-07,21,1
2020-10,2022-08,22,2
2020-10,2022-09,22,1
2020-10,2022-10,23,2
2020-10,2022-10,24,4
2020-10,2022-11,24,1
2020-10,2022-11,25,1
2020-10,2022-12,25,2
2020-10,2022-12,26,1
2020-10,2023-01,26,6
2020-10,2023-01,27,3
2020-10,2023-02,27,7
2020-10,2023-02,28,2
2020-10,2023-03,29,3
2020-10,2023-04,29,4
2020-10,2023-04,30,1
2020-10,2023-05,30,1
2020-10,2023-05,31,5
2020-10,2023-06,31,3
2020-10,2023-07,32,4
2020-10,2023-07,33,2
2020-10,2023-08,34,1
2020-10,2023-09,34,1
2020-10,2023-09,35,1
2020-10,2023-10,36,3
2020-10,2023-11,36,4
2020-10,2023-11,37,3
2020-10,2024-01,38,3
2020-10,2024-01,39,4
2020-10,2024-02,40,2
2020-10,2024-03,40,3
2020-10,2024-03,41,1
2020-10,2024-04,41,2
2020-10,2024-04,42,2
2020-10,2024-05,42,4
2020-10,2024-05,43,1
2020-10,2024-06,43,2
2020-10,2024-06,44,3
2020-10,2024-07,44,4
2020-10,2024-07,45,3
2020-10,2024-08,45,1
2020-10,2024-08,46,1
2020-10,2024-10,47,1
2020-10,2024-11,48,1
2020-10,2024-12,50,2
2020-10,2025-01,50,3
2020-10,2025-01,51,4
2020-10,2025-02,51,1
2020-10,2025-02,52,2
2020-10,2025-03,52,3
2020-10,2025-03,53,5
2020-10,2025-04,53,3
2020-11,2020-11,0,174
2020-11,2020-12,0,1
2020-11,2021-01,1,1
2020-11,2021-01,2,1
2020-11,2021-02,2,2
2020-11,2021-02,3,4
2020-11,2021-03,3,2
2020-11,2021-03,4,1
2020-11,2021-04,4,3
2020-11,2021-04,5,3
2020-11,2021-05,5,5
2020-11,2021-05,6,1
2020-11,2021-06,6,1
2020-11,2021-06,7,5
2020-11,2021-07,7,3
2020-11,2021-07,8,2
2020-11,2021-08,8,3
2020-11,2021-08,9,5
2020-11,2021-09,9,5
2020-11,2021-09,10,2
2020-11,2021-10,10,3
2020-11,2021-10,11,2
2020-11,2021-11,11,3
2020-11,2021-11,12,5
2020-11,2021-12,12,1
2020-11,2021-12,13,4
2020-11,2022-01,13,2
2020-11,2022-02,14,2
2020-11,2022-02,15,1
2020-11,2022-03,15,3
2020-11,2022-03,16,3
2020-11,2022-04,16,3
2020-11,2022-04,17,2
2020-11,2022-05,17,3
2020-11,2022-05,18,2
2020-11,2022-06,18,4
2020-11,2022-06,19,3
2020-11,2022-07,19,4
2020-11,2022-07,20,3
2020-11,2022-08,20,4
2020-11,2022-08,21,3
2020-11,2022-09,21,1
2020-11,2022-09,22,5
2020-11,2022-10,22,1
2020-11,2022-10,23,2
2020-11,2022-11,23,4
2020-11,2022-11,24,2
2020-11,2022-12,24,3
2020-11,2022-12,25,2
2020-11,2023-01,25,3
2020-11,2023-01,26,3
2020-11,2023-02,27,2
2020-11,2023-03,27,2
2020-11,2023-03,28,1
2020-11,2023-04,28,4
2020-11,2023-04,29,4
2020-11,2023-05,30,2
2020-11,2023-06,31,3
2020-11,2023-07,31,5
2020-11,2023-07,32,1
2020-11,2023-08,32,2
2020-11,2023-08,33,4
2020-11,2023-09,33,1
2020-11,2023-09,34,2
2020-11,2023-10,34,2
2020-11,2023-10,35,3
2020-11,2023-11,35,2
2020-11,2023-11,36,2
2020-11,2023-12,36,4
2020-11,2023-12,37,5
2020-11,2024-01,37,4
2020-11,2024-01,38,1
2020-11,2024-02,38,5
2020-11,2024-02,39,3
2020-11,2024-03,39,2
2020-11,2024-03,40,3
2020-11,2024-04,40,1
2020-11,2024-04,41,3
2020-11,2024-05,41,3
2020-11,2024-06,42,1
2020-11,2024-06,43,3
2020-11,2024-07,43,1
2020-11,2024-07,44,2
2020-11,2024-08,44,1
2020-11,2024-08,45,1
2020-11,2024-09,45,1
2020-11,2024-10,46,1
2020-11,2024-10,47,4
2020-11,2024-11,47,2
2020-11,2024-11,48,1
2020-11,2024-12,49,2
2020-11,2025-01,49,1
2020-11,2025-01,50,3
2020-11,2025-02,50,2
2020-11,2025-03,51,3
2020-11,2025-03,52,3
2020-11,2025-04,52,4
2020-12,2020-12,0,198
2020-12,2021-01,0,3
2020-12,2021-01,1,5
2020-12,2021-02,1,1
2020-12,2021-02,2,2
2020-12,2021-03,2,4
2020-12,2021-03,3,5
2020-12,2021-04,3,1
2020-12,2021-04,4,4
2020-12,2021-05,4,1
2020-12,2021-05,5,2
2020-12,2021-06,5,5
2020-12,2021-06,6,2
2020-12,2021-07,6,5
2020-12,2021-07,7,2
2020-12,2021-08,7,2
2020-12,2021-08,8,5
2020-12,2021-09,8,1
2020-12,2021-09,9,1
2020-12,2021-10,10,4
2020-12,2021-11,10,5
2020-12,2021-11,11,2
2020-12,2021-12,11,3
2020-12,2021-12,12,1
2020-12,2022-01,12,2
2020-12,2022-01,13,1
2020-12,2022-02,13,1
2020-12,2022-02,14,3
2020-12,2022-03,14,5
2020-12,2022-03,15,4
2020-12,2022-04,15,2
2020-12,2022-04,16,5
2020-12,2022-05,16,2
2020-12,2022-05,17,1
2020-12,2022-06,17,4
2020-12,2022-06,18,2
2020-12,2022-07,18,2
2020-12,2022-07,19,2
2020-12,2022-08,19,2
2020-12,2022-08,20,4
2020-12,2022-09,21,2
2020-12,2022-10,22,2
2020-12,2022-11,22,2
2020-12,2022-11,23,2
2020-12,2022-12,23,2
2020-12,2022-12,24,2
2020-12,2023-01,24,2
2020-12,2023-01,25,3
2020-12,2023-02,25,3
2020-12,2023-02,26,2
2020-12,2023-03,26,3
2020-12,2023-03,27,4
2020-12,2023-04,27,3
2020-12,2023-04,28,1
2020-12,2023-05,28,2
2020-12,2023-05,29,4
2020-12,2023-06,29,3
2020-12,2023-06,30,2
2020-12,2023-07,30,1
2020-12,2023-07,31,1
2020-12,2023-08,31,2
2020-12,2023-08,32,3
2020-12,2023-09,32,1
2020-12,2023-09,33,6
2020-12,2023-10,33,2
2020-12,2023-10,34,2
2020-12,2023-11,34,7
2020-12,2023-11,35,3
2020-12,2023-12,35,2
2020-12,2023-12,36,2
2020-12,2024-01,36,3
2020-12,2024-01,37,5
2020-12,2024-02,37,3
2020-12,2024-02,38,4
2020-12,2024-03,38,2
2020-12,2024-03,39,3
2020-12,2024-04,39,2
2020-12,2024-04,40,4
2020-12,2024-05,40,1
2020-12,2024-05,41,4
2020-12,2024-06,41,4
2020-12,2024-06,42,1
2020-12,2024-07,42,1
2020-12,2024-07,43,3
2020-12,2024-08,43,3
2020-12,2024-08,44,2
2020-12,2024-09,44,2
2020-12,2024-09,45,1
2020-12,2024-10,45,2
2020-12,2024-10,46,1
2020-12,2024-11,46,3
2020-12,2024-12,48,2
2020-12,2025-01,48,2
2020-12,2025-01,49,2
2020-12,2025-02,49,3
2020-12,2025-02,50,2
2020-12,2025-03,51,5
2020-12,2025-04,51,3
2020-12,2025-04,52,4
2021-01,2021-01,0,164
2021-01,2021-02,0,1
2021-01,2021-02,1,3
2021-01,2021-03,1,2
2021-01,2021-03,2,4
2021-01,2021-04,2,3
2021-01,2021-04,3,4
2021-01,2021-05,3,3
2021-01,2021-05,4,1
2021-01,2021-06,4,1
2021-01,2021-07,5,1
2021-01,2021-08,6,4
2021-01,2021-08,7,1
2021-01,2021-09,7,6
2021-01,2021-09,8,3
2021-01,2021-10,8,2
2021-01,2021-10,9,5
2021-01,2021-11,9,3
2021-01,2021-11,10,4
2021-01,2021-12,10,3
2021-01,2021-12,11,2
2021-01,2022-01,11,2
2021-01,2022-01,12,1
2021-01,2022-02,12,2
2021-01,2022-03,13,3
2021-01,2022-03,14,3
2021-01,2022-04,14,2
2021-01,2022-04,15,2
2021-01,2022-05,15,3
2021-01,2022-05,16,1
2021-01,2022-06,16,2
2021-01,2022-06,17,1
2021-01,2022-07,17,1
2021-01,2022-07,18,2
2021-01,2022-08,18,1
2021-01,2022-08,19,1
2021-01,2022-09,19,6
2021-01,2022-09,20,3
2021-01,2022-10,20,4
2021-01,2022-10,21,1
2021-01,2022-11,21,1
2021-01,2022-11,22,4
2021-01,2022-12,22,3
2021-01,2023-01,23,3
2021-01,2023-01,24,1
2021-01,2023-02,24,3
2021-01,2023-02,25,4
2021-01,2023-03,25,2
2021-01,2023-04,26,1
2021-01,2023-04,27,1
2021-01,2023-05,27,2
2021-01,2023-05,28,2
2021-01,2023-06,28,2
2021-01,2023-06,29,4
2021-01,2023-07,29,1
2021-01,2023-07,30,2
2021-01,2023-08,30,4
2021-01,2023-08,31,4
2021-01,2023-09,31,3
2021-01,2023-09,32,2
2021-01,2023-10,32,7
2021-01,2023-11,33,2
2021-01,2023-11,34,1
2021-01,2023-12,34,4
2021-01,2023-12,35,3
2021-01,2024-01,36,1
2021-01,2024-02,36,1
2021-01,2024-02,37,1
2021-01,2024-03,37,2
2021-01,2024-03,38,3
2021-01,2024-04,38,1
2021-01,2024-04,39,3
2021-01,2024-05,39,3
2021-01,2024-05,40,3
2021-01,2024-06,40,3
2021-01,2024-06,41,2
2021-01,2024-07,41,4
2021-01,2024-07,42,1
2021-01,2024-08,42,1
2021-01,2024-08,43,2
2021-01,2024-09,43,3
2021-01,2024-09,44,3
2021-01,2024-10,44,1
2021-01,2024-10,45,2
2021-01,2024-11,45,1
2021-01,2024-11,46,3
2021-01,2024-12,46,3
2021-01,2025-01,47,3
2021-01,2025-01,48,1
2021-01,2025-02,48,2
2021-01,2025-02,49,1
2021-01,2025-03,49,1
2021-01,2025-03,50,1
2021-01,2025-04,50,3
2021-01,2025-04,51,2
2021-02,2021-02,0,142
2021-02,2021-03,1,1
2021-02,2021-04,1,1
2021-02,2021-04,2,2
2021-02,2021-05,3,1
2021-02,2021-06,3,3
2021-02,2021-07,4,3
2021-02,2021-07,5,2
2021-02,2021-08,5,1
2021-02,2021-08,6,4
2021-02,2021-09,7,3
2021-02,2021-10,7,3
2021-02,2021-10,8,1
2021-02,2021-11,9,1
2021-02,2021-12,9,1
2021-02,2021-12,10,2
2021-02,2022-01,10,1
2021-02,2022-01,11,2
2021-02,2022-02,11,1
2021-02,2022-02,12,3
2021-02,2022-03,12,1
2021-02,2022-03,13,1
2021-02,2022-04,13,3
2021-02,2022-04,14,1
2021-02,2022-05,14,1
2021-02,2022-05,15,2
2021-02,2022-06,15,1
2021-02,2022-06,16,2
2021-02,2022-07,16,3
2021-02,2022-07,17,3
2021-02,2022-08,17,2
2021-02,2022-08,18,4
2021-02,2022-09,18,5
2021-02,2022-09,19,1
2021-02,2022-10,19,3
2021-02,2022-10,20,2
2021-02,2022-11,20,2
2021-02,2022-11,21,4
2021-02,2022-12,21,4
2021-02,2022-12,22,4
2021-02,2023-01,22,1
2021-02,2023-01,23,3
2021-02,2023-02,23,2
2021-02,2023-03,24,1
2021-02,2023-03,25,1
2021-02,2023-04,26,2
2021-02,2023-05,26,1
2021-02,2023-05,27,8
2021-02,2023-06,27,3
2021-02,2023-06,28,5
2021-02,2023-07,28,2
2021-02,2023-07,29,2
2021-02,2023-08,29,2
2021-02,2023-08,30,5
2021-02,2023-09,30,2
2021-02,2023-09,31,3
2021-02,2023-10,31,3
2021-02,2023-10,32,1
2021-02,2023-11,33,3
2021-02,2023-12,33,5
2021-02,2024-01,34,1
2021-02,2024-01,35,4
2021-02,2024-02,35,2
2021-02,2024-02,36,1
2021-02,2024-03,36,4
2021-02,2024-04,37,1
2021-02,2024-05,38,3
2021-02,2024-05,39,3
2021-02,2024-06,39,2
2021-02,2024-06,40,1
2021-02,2024-07,40,1
2021-02,2024-07,41,2
2021-02,2024-08,41,3
2021-02,2024-08,42,2
2021-02,2024-09,42,1
2021-02,2024-09,43,3
2021-02,2024-10,43,2
2021-02,2024-10,44,1
2021-02,2024-11,44,1
2021-02,2024-11,45,2
2021-02,2024-12,45,1
2021-02,2024-12,46,2
2021-02,2025-01,46,3
2021-02,2025-01,47,2
2021-02,2025-02,47,2
2021-02,2025-02,48,2
2021-02,2025-03,49,4
2021-02,2025-04,49,2
2021-02,2025-04,50,1
2021-03,2021-03,0,155
2021-03,2021-04,0,1
2021-03,2021-04,1,1
2021-03,2021-05,2,1
2021-03,2021-06,2,1
2021-03,2021-06,3,2
2021-03,2021-07,3,2
2021-03,2021-07,4,1
2021-03,2021-08,4,2
2021-03,2021-08,5,2
2021-03,2021-09,5,1
2021-03,2021-09,6,2
2021-03,2021-10,6,4
2021-03,2021-11,7,4
2021-03,2021-11,8,2
2021-03,2021-12,8,1
2021-03,2021-12,9,2
2021-03,2022-01,9,1
2021-03,2022-01,10,3
2021-03,2022-02,10,1
2021-03,2022-02,11,3
2021-03,2022-03,11,1
2021-03,2022-03,12,1
2021-03,2022-04,12,1
2021-03,2022-04,13,2
2021-03,2022-05,14,3
2021-03,2022-06,14,5
2021-03,2022-06,15,3
2021-03,2022-07,15,2
2021-03,2022-07,16,5
2021-03,2022-08,16,2
2021-03,2022-08,17,4
2021-03,2022-09,17,1
2021-03,2022-09,18,6
2021-03,2022-10,18,6
2021-03,2022-10,19,4
2021-03,2022-11,19,3
2021-03,2022-11,20,2
2021-03,2022-12,20,5
2021-03,2022-12,21,3
2021-03,2023-01,21,3
2021-03,2023-01,22,4
2021-03,2023-02,22,2
2021-03,2023-02,23,1
2021-03,2023-03,23,2
2021-03,2023-03,24,3
2021-03,2023-04,24,3
2021-03,2023-04,25,2
2021-03,2023-05,25,2
2021-03,2023-05,26,1
2021-03,2023-06,26,4
2021-03,2023-06,27,2
2021-03,2023-07,27,3
2021-03,2023-07,28,4
2021-03,2023-08,28,1
2021-03,2023-08,29,2
2021-03,2023-09,29,2
2021-03,2023-09,30,1
2021-03,2023-10,30,1
2021-03,2023-10,31,2
2021-03,2023-11,31,1
2021-03,2023-12,32,3
2021-03,2023-12,33,1
2021-03,2024-01,33,4
2021-03,2024-01,34,1
2021-03,2024-02,34,2
2021-03,2024-02,35,2
2021-03,2024-03,36,4
2021-03,2024-04,36,2
2021-03,2024-04,37,2
2021-03,2024-05,37,1
2021-03,2024-05,38,2
2021-03,2024-06,38,2
2021-03,2024-06,39,4
2021-03,2024-07,40,2
2021-03,2024-08,40,3
2021-03,2024-08,41,1
2021-03,2024-09,41,2
2021-03,2024-09,42,5
2021-03,2024-10,42,3
2021-03,2024-10,43,3
2021-03,2024-11,44,3
2021-03,2024-12,44,2
2021-03,2024-12,45,3
2021-03,2025-01,45,2
2021-03,2025-01,46,2
2021-03,2025-02,46,3
2021-03,2025-02,47,2
2021-03,2025-03,47,3
2021-03,2025-03,48,1
2021-03,2025-04,48,3
2021-03,2025-04,49,2
2021-04,2021-04,0,156
2021-04,2021-05,0,2
2021-04,2021-05,1,5
2021-04,2021-06,1,2
2021-04,2021-06,2,2
2021-04,2021-07,2,3
2021-04,2021-07,3,3
2021-04,2021-08,3,2
2021-04,2021-08,4,3
2021-04,2021-09,4,2
2021-04,2021-09,5,3
2021-04,2021-10,5,1
2021-04,2021-10,6,1
2021-04,2021-11,6,3
2021-04,2021-11,7,3
2021-04,2021-12,7,3
2021-04,2021-12,8,3
2021-04,2022-01,8,1
2021-04,2022-01,9,1
2021-04,2022-02,10,1
2021-04,2022-03,10,2
2021-04,2022-03,11,1
2021-04,2022-04,12,1
2021-04,2022-05,12,1
2021-04,2022-05,13,3
2021-04,2022-06,13,2
2021-04,2022-06,14,2
2021-04,2022-07,14,1
2021-04,2022-07,15,2
2021-04,2022-08,15,3
2021-04,2022-08,16,2
2021-04,2022-09,16,1
2021-04,2022-09,17,2
2021-04,2022-10,17,1
2021-04,2022-11,18,4
2021-04,2022-11,19,4
2021-04,2022-12,19,1
2021-04,2022-12,20,1
2021-04,2023-01,20,1
2021-04,2023-01,21,2
2021-04,2023-02,21,4
2021-04,2023-02,22,4
2021-04,2023-03,22,1
2021-04,2023-04,23,1
2021-04,2023-05,24,1
2021-04,2023-05,25,2
2021-04,2023-06,25,3
2021-04,2023-07,26,1
2021-04,2023-07,27,1
2021-04,2023-08,27,1
2021-04,2023-08,28,2
2021-04,2023-09,28,1
2021-04,2023-09,29,2
2021-04,2023-10,29,3
2021-04,2023-10,30,3
2021-04,2023-11,31,1
2021-04,2023-12,31,4
2021-04,2023-12,32,2
2021-04,2024-01,32,2
2021-04,2024-01,33,1
2021-04,2024-02,34,2
2021-04,2024-03,34,3
2021-04,2024-03,35,3
2021-04,2024-04,35,2
2021-04,2024-04,36,3
2021-04,2024-05,36,2
2021-04,2024-05,37,3
2021-04,2024-06,38,2
2021-04,2024-07,38,3
2021-04,2024-08,39,2
2021-04,2024-09,40,3
2021-04,2024-09,41,6
2021-04,2024-10,41,1
2021-04,2024-10,42,3
2021-04,2024-11,42,3
2021-04,2024-12,43,4
2021-04,2025-01,44,2
2021-04,2025-01,45,1
2021-04,2025-02,45,1
2021-04,2025-02,46,1
2021-04,2025-03,46,1
2021-04,2025-03,47,1
2021-04,2025-04,47,4
2021-04,2025-04,48,2
2021-05,2021-05,0,145
2021-05,2021-06,0,1
2021-05,2021-06,1,2
2021-05,2021-07,2,2
2021-05,2021-08,2,1
2021-05,2021-09,3,3
2021-05,2021-09,4,1
2021-05,2021-10,5,2
2021-05,2021-11,5,1
2021-05,2021-11,6,5
2021-05,2021-12,6,2
2021-05,2021-12,7,2
2021-05,2022-01,7,1
2021-05,2022-01,8,3
2021-05,2022-02,8,2
2021-05,2022-02,9,2
2021-05,2022-03,9,1
2021-05,2022-03,10,3
2021-05,2022-04,10,4
2021-05,2022-04,11,2
2021-05,2022-05,11,2
2021-05,2022-05,12,1
2021-05,2022-06,13,1
2021-05,2022-07,13,3
2021-05,2022-07,14,1
2021-05,2022-08,14,1
2021-05,2022-08,15,1
2021-05,2022-09,15,4
2021-05,2022-09,16,2
2021-05,2022-10,16,1
2021-05,2022-10,17,1
2021-05,2022-11,18,1
2021-05,2022-12,19,1
2021-05,2023-01,19,2
2021-05,2023-01,20,2
2021-05,2023-02,20,3
2021-05,2023-03,21,1
2021-05,2023-03,22,2
2021-05,2023-04,23,3
2021-05,2023-05,23,5
2021-05,2023-05,24,1
2021-05,2023-06,24,2
2021-05,2023-06,25,1
2021-05,2023-07,25,4
2021-05,2023-07,26,2
2021-05,2023-08,26,1
2021-05,2023-08,27,1
2021-05,2023-09,27,2
2021-05,2023-09,28,1
2021-05,2023-10,29,1
2021-05,2023-11,29,2
2021-05,2023-11,30,4
2021-05,2023-12,30,1
2021-05,2023-12,31,2
2021-05,2024-01,32,3
2021-05,2024-02,32,3
2021-05,2024-02,33,1
2021-05,2024-03,34,1
2021-05,2024-04,35,3
2021-05,2024-05,36,1
2021-05,2024-06,37,3
2021-05,2024-07,37,4
2021-05,2024-07,38,2
2021-05,2024-08,38,2
2021-05,2024-08,39,5
2021-05,2024-09,39,4
2021-05,2024-09,40,1
2021-05,2024-10,41,1
2021-05,2024-11,41,5
2021-05,2024-11,42,3
2021-05,2024-12,42,1
2021-05,2024-12,43,1
2021-05,2025-01,43,2
2021-05,2025-01,44,1
2021-05,2025-02,44,1
2021-05,2025-03,45,1
2021-05,2025-03,46,2
2021-05,2025-04,46,1
2021-05,2025-04,47,3
2021-06,2021-06,0,181
2021-06,2021-07,0,4
2021-06,2021-07,1,5
2021-06,2021-08,1,2
2021-06,2021-08,2,2
2021-06,2021-09,2,1
2021-06,2021-09,3,6
2021-06,2021-10,3,1
2021-06,2021-10,4,1
2021-06,2021-11,4,5
2021-06,2021-11,5,4
2021-06,2021-12,6,1
2021-06,2022-01,6,2
2021-06,2022-01,7,1
2021-06,2022-02,8,1
2021-06,2022-03,8,5
2021-06,2022-03,9,6
2021-06,2022-04,9,2
2021-06,2022-04,10,4
2021-06,2022-05,10,3
2021-06,2022-05,11,2
2021-06,2022-06,11,1
2021-06,2022-07,12,2
2021-06,2022-07,13,6
2021-06,2022-08,13,1
2021-06,2022-09,14,1
2021-06,2022-09,15,2
2021-06,2022-10,15,4
2021-06,2022-10,16,3
2021-06,2022-11,16,1
2021-06,2022-11,17,2
2021-06,2022-12,17,4
2021-06,2022-12,18,4
2021-06,2023-01,18,4
2021-06,2023-01,19,2
2021-06,2023-02,19,1
2021-06,2023-02,20,1
2021-06,2023-03,20,3
2021-06,2023-03,21,3
2021-06,2023-04,21,1
2021-06,2023-04,22,1
2021-06,2023-05,22,3
2021-06,2023-05,23,3
2021-06,2023-06,23,3
2021-06,2023-06,24,1
2021-06,2023-07,25,4
2021-06,2023-08,25,4
2021-06,2023-08,26,2
2021-06,2023-09,26,1
2021-06,2023-09,27,2
2021-06,2023-10,27,5
2021-06,2023-10,28,2
2021-06,2023-11,28,2
2021-06,2023-11,29,5
2021-06,2023-12,29,2
2021-06,2023-12,30,1
2021-06,2024-01,30,2
2021-06,2024-01,31,2
2021-06,2024-02,32,1
2021-06,2024-03,32,2
2021-06,2024-03,33,4
2021-06,2024-04,33,1
2021-06,2024-04,34,3
2021-06,2024-05,34,3
2021-06,2024-05,35,3
2021-06,2024-06,35,2
2021-06,2024-06,36,1
2021-06,2024-07,36,1
2021-06,2024-07,37,2
2021-06,2024-08,37,2
2021-06,2024-08,38,2
2021-06,2024-09,38,4
2021-06,2024-09,39,5
2021-06,2024-10,40,2
2021-06,2024-11,40,3
2021-06,2024-11,41,4
2021-06,2024-12,41,2
2021-06,2024-12,42,3
2021-06,2025-01,42,1
2021-06,2025-01,43,3
2021-06,2025-02,43,5
2021-06,2025-02,44,2
2021-06,2025-03,44,1
2021-06,2025-03,45,5
2021-06,2025-04,45,1
2021-06,2025-04,46,4
2021-07,2021-07,0,126
2021-07,2021-08,1,3
2021-07,2021-09,2,2
2021-07,2021-10,2,1
2021-07,2021-10,3,3
2021-07,2021-11,3,3
2021-07,2021-11,4,1
2021-07,2021-12,4,2
2021-07,2021-12,5,1
2021-07,2022-01,5,2
2021-07,2022-01,6,3
2021-07,2022-03,8,2
2021-07,2022-04,8,1
2021-07,2022-04,9,4
2021-07,2022-05,9,2
2021-07,2022-05,10,2
2021-07,2022-06,10,2
2021-07,2022-06,11,1
2021-07,2022-07,11,2
2021-07,2022-07,12,2
2021-07,2022-08,12,1
2021-07,2022-08,13,1
2021-07,2022-09,13,1
2021-07,2022-09,14,5
2021-07,2022-10,14,3
2021-07,2022-10,15,3
2021-07,2022-11,15,2
2021-07,2022-11,16,3
2021-07,2022-12,16,2
2021-07,2023-01,17,2
2021-07,2023-01,18,2
2021-07,2023-02,19,2
2021-07,2023-03,19,3
2021-07,2023-04,20,1
2021-07,2023-05,21,1
2021-07,2023-05,22,2
2021-07,2023-06,22,1
2021-07,2023-07,23,3
2021-07,2023-07,24,2
2021-07,2023-08,24,1
2021-07,2023-08,25,1
2021-07,2023-09,25,3
2021-07,2023-10,27,2
2021-07,2023-11,27,1
2021-07,2023-11,28,1
2021-07,2023-12,28,2
2021-07,2023-12,29,1
2021-07,2024-01,29,3
2021-07,2024-01,30,3
2021-07,2024-02,30,4
2021-07,2024-02,31,1
2021-07,2024-03,31,1
2021-07,2024-03,32,2
2021-07,2024-04,32,2
2021-07,2024-04,33,2
2021-07,2024-05,33,4
2021-07,2024-05,34,4
2021-07,2024-06,35,1
2021-07,2024-07,35,3
2021-07,2024-08,37,1
2021-07,2024-09,37,1
2021-07,2024-10,38,4
2021-07,2024-10,39,1
2021-07,2024-11,39,2
2021-07,2024-11,40,3
2021-07,2024-12,40,2
2021-07,2024-12,41,2
2021-07,2025-01,41,1
2021-07,2025-01,42,1
2021-07,2025-02,42,1
2021-07,2025-03,43,1
2021-07,2025-04,44,3
2021-07,2025-04,45,3
2021-08,2021-08,0,143
2021-08,2021-09,0,2
2021-08,2021-09,1,1
2021-08,2021-10,1,1
2021-08,2021-11,2,4
2021-08,2021-11,3,3
2021-08,2021-12,3,3
2021-08,2021-12,4,4
2021-08,2022-01,4,1
2021-08,2022-01,5,1
2021-08,2022-02,5,2
2021-08,2022-02,6,1
2021-08,2022-03,6,2
2021-08,2022-03,7,2
2021-08,2022-04,7,4
2021-08,2022-04,8,1
2021-08,2022-05,8,2
2021-08,2022-05,9,6
2021-08,2022-06,10,1
2021-08,2022-07,10,3
2021-08,2022-07,11,3
2021-08,2022-08,11,1
2021-08,2022-08,12,6
2021-08,2022-09,13,1
2021-08,2022-10,13,6
2021-08,2022-10,14,2
2021-08,2022-11,14,2
2021-08,2022-11,15,3
2021-08,2022-12,15,2
2021-08,2022-12,16,4
2021-08,2023-01,16,3
2021-08,2023-01,17,1
2021-08,2023-02,17,1
2021-08,2023-02,18,1
2021-08,2023-03,19,4
2021-08,2023-04,19,3
2021-08,2023-04,20,2
2021-08,2023-05,20,1
2021-08,2023-05,21,2
2021-08,2023-06,21,2
2021-08,2023-06,22,4
2021-08,2023-07,23,2
2021-08,2023-08,23,2
2021-08,2023-08,24,1
2021-08,2023-09,24,1
2021-08,2023-09,25,3
2021-08,2023-10,25,1
2021-08,2023-10,26,2
2021-08,2023-11,26,2
2021-08,2023-11,27,5
2021-08,2023-12,28,1
2021-08,2024-01,28,3
2021-08,2024-01,29,4
2021-08,2024-02,29,1
2021-08,2024-02,30,4
2021-08,2024-03,30,3
2021-08,2024-03,31,1
2021-08,2024-04,32,3
2021-08,2024-05,33,2
2021-08,2024-06,34,2
2021-08,2024-07,34,1
2021-08,2024-07,35,3
2021-08,2024-08,36,3
2021-08,2024-09,37,3
2021-08,2024-10,37,1
2021-08,2024-10,38,1
2021-08,2024-11,39,2
2021-08,2024-12,39,3
2021-08,2024-12,40,1
2021-08,2025-01,40,2
2021-08,2025-02,42,5
2021-08,2025-03,42,2
2021-08,2025-03,43,3
2021-08,2025-04,43,2
2021-08,2025-04,44,3
2021-09,2021-09,0,149
2021-09,2021-10,0,3
2021-09,2021-10,1,2
2021-09,2021-11,2,1
2021-09,2021-12,3,2
2021-09,2022-01,3,3
2021-09,2022-02,4,4
2021-09,2022-02,5,3
2021-09,2022-03,5,2
2021-09,2022-03,6,8
2021-09,2022-04,6,2
2021-09,2022-04,7,1
2021-09,2022-05,7,2
2021-09,2022-05,8,4
2021-09,2022-06,9,4
2021-09,2022-08,10,4
2021-09,2022-08,11,1
2021-09,2022-09,11,3
2021-09,2022-09,12,1
2021-09,2022-10,13,6
2021-09,2022-11,13,2
2021-09,2022-11,14,4
2021-09,2022-12,14,3
2021-09,2022-12,15,3
2021-09,2023-01,15,2
2021-09,2023-01,16,2
2021-09,2023-02,16,1
2021-09,2023-02,17,2
2021-09,2023-03,18,4
2021-09,2023-04,18,2
2021-09,2023-04,19,1
2021-09,2023-05,19,1
2021-09,2023-05,20,5
2021-09,2023-06,21,3
2021-09,2023-07,21,2
2021-09,2023-07,22,5
2021-09,2023-08,22,1
2021-09,2023-08,23,3
2021-09,2023-09,23,1
2021-09,2023-09,24,3
2021-09,2023-10,25,2
2021-09,2023-11,25,1
2021-09,2023-11,26,1
2021-09,2023-12,26,3
2021-09,2023-12,27,2
2021-09,2024-01,27,5
2021-09,2024-01,28,4
2021-09,2024-02,28,3
2021-09,2024-02,29,1
2021-09,2024-03,29,6
2021-09,2024-03,30,2
2021-09,2024-04,30,2
2021-09,2024-04,31,1
2021-09,2024-05,31,1
2021-09,2024-05,32,3
2021-09,2024-06,32,1
2021-09,2024-06,33,1
2021-09,2024-07,33,2
2021-09,2024-07,34,2
2021-09,2024-08,34,4
2021-09,2024-08,35,2
2021-09,2024-09,35,1
2021-09,2024-09,36,1
2021-09,2024-10,36,4
2021-09,2024-10,37,1
2021-09,2024-11,37,3
2021-09,2024-11,38,3
2021-09,2024-12,38,1
2021-09,2024-12,39,2
2021-09,2025-01,39,2
2021-09,2025-01,40,2
2021-09,2025-02,40,2
2021-09,2025-02,41,1
2021-09,2025-03,41,1
2021-09,2025-04,43,3
2021-10,2021-10,0,123
2021-10,2021-11,0,1
2021-10,2021-11,1,2
2021-10,2021-12,1,1
2021-10,2021-12,2,3
2021-10,2022-01,2,1
2021-10,2022-01,3,2
2021-10,2022-02,3,1
2021-10,2022-02,4,2
2021-10,2022-03,4,3
2021-10,2022-04,5,2
2021-10,2022-04,6,1
2021-10,2022-05,6,3
2021-10,2022-05,7,4
2021-10,2022-06,7,4
2021-10,2022-06,8,1
2021-10,2022-07,8,1
2021-10,2022-07,9,2
2021-10,2022-08,9,2
2021-10,2022-08,10,2
2021-10,2022-09,10,3
2021-10,2022-09,11,1
2021-10,2022-10,11,2
2021-10,2022-10,12,1
2021-10,2022-11,13,1
2021-10,2022-12,13,5
2021-10,2022-12,14,1
2021-10,2023-01,14,1
2021-10,2023-01,15,3
2021-10,2023-02,15,1
2021-10,2023-02,16,1
2021-10,2023-03,16,1
2021-10,2023-03,17,1
2021-10,2023-04,17,7
2021-10,2023-04,18,1
2021-10,2023-05,18,3
2021-10,2023-05,19,1
2021-10,2023-06,19,1
2021-10,2023-06,20,1
2021-10,2023-07,20,1
2021-10,2023-07,21,1
2021-10,2023-08,21,2
2021-10,2023-08,22,3
2021-10,2023-09,22,2
2021-10,2023-09,23,2
2021-10,2023-10,23,3
2021-10,2023-11,24,1
2021-10,2023-11,25,2
2021-10,2023-12,25,1
2021-10,2023-12,26,3
2021-10,2024-01,26,2
2021-10,2024-02,27,1
2021-10,2024-02,28,1
2021-10,2024-03,28,2
2021-10,2024-03,29,1
2021-10,2024-04,29,1
2021-10,2024-04,30,1
2021-10,2024-05,30,2
2021-10,2024-05,31,2
2021-10,2024-06,31,1
2021-10,2024-06,32,2
2021-10,2024-07,33,1
2021-10,2024-08,33,1
2021-10,2024-08,34,2
2021-10,2024-09,34,1
2021-10,2024-09,35,2
2021-10,2024-10,35,3
2021-10,2024-10,36,3
2021-10,2024-11,36,2
2021-10,2024-11,37,1
2021-10,2024-12,37,2
2021-10,2025-01,38,2
2021-10,2025-02,39,1
2021-10,2025-02,40,1
2021-10,2025-03,40,2
2021-10,2025-03,41,2
2021-10,2025-04,41,1
2021-10,2025-04,42,2
2021-11,2021-11,0,115
2021-11,2021-12,0,2
2021-11,2021-12,1,3
2021-11,2022-01,2,7
2021-11,2022-03,3,1
2021-11,2022-03,4,1
2021-11,2022-04,4,2
2021-11,2022-04,5,3
2021-11,2022-05,5,2
2021-11,2022-05,6,2
2021-11,2022-06,6,2
2021-11,2022-06,7,2
2021-11,2022-07,7,1
2021-11,2022-07,8,2
2021-11,2022-09,9,2
2021-11,2022-10,10,1
2021-11,2022-10,11,3
2021-11,2022-11,11,2
2021-11,2022-11,12,3
2021-11,2022-12,12,2
2021-11,2022-12,13,1
2021-11,2023-01,13,2
2021-11,2023-01,14,2
2021-11,2023-02,14,2
2021-11,2023-02,15,1
2021-11,2023-03,15,3
2021-11,2023-03,16,3
2021-11,2023-04,16,1
2021-11,2023-04,17,4
2021-11,2023-05,17,1
2021-11,2023-05,18,3
2021-11,2023-06,18,1
2021-11,2023-06,19,1
2021-11,2023-07,19,2
2021-11,2023-07,20,2
2021-11,2023-08,20,1
2021-11,2023-08,21,2
2021-11,2023-09,21,3
2021-11,2023-09,22,1
2021-11,2023-10,23,1
2021-11,2023-11,23,1
2021-11,2023-11,24,1
2021-11,2024-01,25,1
2021-11,2024-02,26,2
2021-11,2024-03,27,1
2021-11,2024-03,28,2
2021-11,2024-04,28,3
2021-11,2024-05,29,2
2021-11,2024-05,30,4
2021-11,2024-07,32,2
2021-11,2024-08,32,1
2021-11,2024-09,34,4
2021-11,2024-10,34,3
2021-11,2024-10,35,3
2021-11,2024-11,35,2
2021-11,2024-12,36,2
2021-11,2024-12,37,2
2021-11,2025-01,37,2
2021-11,2025-01,38,3
2021-11,2025-02,38,3
2021-11,2025-02,39,1
2021-11,2025-03,39,2
2021-11,2025-03,40,1
2021-11,2025-04,40,1
2021-11,2025-04,41,1
2021-12,2021-12,0,130
2021-12,2022-01,0,3
2021-12,2022-01,1,2
2021-12,2022-02,1,1
2021-12,2022-02,2,1
2021-12,2022-03,2,2
2021-12,2022-03,3,3
2021-12,2022-04,3,1
2021-12,2022-04,4,3
2021-12,2022-05,4,1
2021-12,2022-05,5,1
2021-12,2022-06,5,1
2021-12,2022-06,6,1
2021-12,2022-07,6,2
2021-12,2022-07,7,2
2021-12,2022-08,7,4
2021-12,2022-08,8,1
2021-12,2022-09,9,4
2021-12,2022-10,9,3
2021-12,2022-10,10,1
2021-12,2022-11,11,1
2021-12,2022-12,11,1
2021-12,2023-01,13,3
2021-12,2023-02,13,3
2021-12,2023-02,14,1
2021-12,2023-03,14,1
2021-12,2023-03,15,4
2021-12,2023-04,16,2
2021-12,2023-05,16,1
2021-12,2023-05,17,1
2021-12,2023-06,17,2
2021-12,2023-06,18,1
2021-12,2023-07,18,2
2021-12,2023-07,19,1
2021-12,2023-08,19,3
2021-12,2023-08,20,2
2021-12,2023-09,20,4
2021-12,2023-09,21,2
2021-12,2023-10,21,3
2021-12,2023-11,22,2
2021-12,2023-11,23,1
2021-12,2023-12,23,1
2021-12,2024-01,24,3
2021-12,2024-01,25,3
2021-12,2024-02,25,1
2021-12,2024-02,26,2
2021-12,2024-04,28,2
2021-12,2024-05,28,1
2021-12,2024-05,29,2
2021-12,2024-06,29,1
2021-12,2024-06,30,1
2021-12,2024-07,30,1
2021-12,2024-07,31,2
2021-12,2024-08,31,6
2021-12,2024-08,32,1
2021-12,2024-09,32,1
2021-12,2024-09,33,1
2021-12,2024-11,34,2
2021-12,2024-11,35,1
2021-12,2024-12,35,1
2021-12,2024-12,36,4
2021-12,2025-01,36,2
2021-12,2025-01,37,1
2021-12,2025-02,37,2
2021-12,2025-02,38,3
2021-12,2025-03,38,2
2021-12,2025-03,39,3
2021-12,2025-04,39,2
2021-12,2025-04,40,4
2022-01,2022-01,0,127
2022-01,2022-02,0,4
2022-01,2022-03,1,4
2022-01,2022-03,2,1
2022-01,2022-04,2,3
2022-01,2022-04,3,1
2022-01,2022-05,3,1
2022-01,2022-05,4,1
2022-01,2022-06,4,2
2022-01,2022-06,5,1
2022-01,2022-07,5,1
2022-01,2022-08,6,1
2022-01,2022-08,7,2
2022-01,2022-09,7,1
2022-01,2022-10,8,4
2022-01,2022-10,9,3
2022-01,2022-11,9,1
2022-01,2022-11,10,3
2022-01,2022-12,11,1
2022-01,2023-01,11,1
2022-01,2023-01,12,2
2022-01,2023-02,12,1
2022-01,2023-02,13,1
2022-01,2023-04,14,1
2022-01,2023-04,15,1
2022-01,2023-05,15,3
2022-01,2023-05,16,2
2022-01,2023-06,17,4
2022-01,2023-07,18,3
2022-01,2023-08,18,3
2022-01,2023-08,19,3
2022-01,2023-09,19,4
2022-01,2023-10,20,1
2022-01,2023-10,21,1
2022-01,2023-11,21,3
2022-01,2023-11,22,2
2022-01,2023-12,22,3
2022-01,2023-12,23,1
2022-01,2024-01,23,3
2022-01,2024-03,25,1
2022-01,2024-03,26,2
2022-01,2024-04,26,4
2022-01,2024-04,27,3
2022-01,2024-05,27,2
2022-01,2024-06,28,1
2022-01,2024-06,29,2
2022-01,2024-07,29,1
2022-01,2024-07,30,3
2022-01,2024-08,31,2
2022-01,2024-09,31,1
2022-01,2024-09,32,4
2022-01,2024-10,32,3
2022-01,2024-10,33,1
2022-01,2024-11,34,1
2022-01,2024-12,34,3
2022-01,2024-12,35,1
2022-01,2025-01,35,4
2022-01,2025-02,36,2
2022-01,2025-03,37,3
2022-01,2025-03,38,2
2022-01,2025-04,38,2
2022-01,2025-04,39,1
2022-02,2022-02,0,119
2022-02,2022-03,0,1
2022-02,2022-03,1,3
2022-02,2022-04,1,2
2022-02,2022-04,2,3
2022-02,2022-05,2,2
2022-02,2022-05,3,2
2022-02,2022-06,3,1
2022-02,2022-07,4,2
2022-02,2022-08,5,2
2022-02,2022-08,6,1
2022-02,2022-09,6,3
2022-02,2022-09,7,1
2022-02,2022-10,8,1
2022-02,2022-11,8,2
2022-02,2022-11,9,1
2022-02,2022-12,9,2
2022-02,2022-12,10,1
2022-02,2023-01,10,2
2022-02,2023-02,11,3
2022-02,2023-02,12,2
2022-02,2023-03,13,6
2022-02,2023-04,13,1
2022-02,2023-04,14,1
2022-02,2023-05,15,3
2022-02,2023-06,15,1
2022-02,2023-06,16,1
2022-02,2023-07,16,2
2022-02,2023-07,17,6
2022-02,2023-08,17,6
2022-02,2023-08,18,1
2022-02,2023-09,19,1
2022-02,2023-10,20,2
2022-02,2023-11,20,3
2022-02,2023-12,21,1
2022-02,2023-12,22,1
2022-02,2024-01,22,1
2022-02,2024-01,23,3
2022-02,2024-02,23,2
2022-02,2024-02,24,3
2022-02,2024-03,24,1
2022-02,2024-03,25,2
2022-02,2024-04,25,3
2022-02,2024-04,26,5
2022-02,2024-05,26,1
2022-02,2024-05,27,1
2022-02,2024-06,27,3
2022-02,2024-06,28,2
2022-02,2024-07,29,3
2022-02,2024-08,30,2
2022-02,2024-09,30,2
2022-02,2024-09,31,2
2022-02,2024-10,31,1
2022-02,2024-10,32,3
2022-02,2024-11,32,2
2022-02,2024-12,34,2
2022-02,2025-02,35,1
2022-02,2025-02,36,1
2022-02,2025-03,36,1
2022-02,2025-03,37,3
2022-03,2022-03,0,120
2022-03,2022-04,1,1
2022-03,2022-05,2,1
2022-03,2022-06,2,2
2022-03,2022-06,3,1
2022-03,2022-07,3,1
2022-03,2022-07,4,1
2022-03,2022-08,4,1
2022-03,2022-08,5,3
2022-03,2022-09,5,2
2022-03,2022-09,6,5
2022-03,2022-10,7,1
2022-03,2022-11,7,1
2022-03,2022-11,8,1
2022-03,2022-12,9,2
2022-03,2023-01,9,1
2022-03,2023-01,10,2
2022-03,2023-02,10,2
2022-03,2023-02,11,1
2022-03,2023-03,11,3
2022-03,2023-03,12,2
2022-03,2023-04,13,3
2022-03,2023-05,13,2
2022-03,2023-05,14,3
2022-03,2023-06,14,2
2022-03,2023-06,15,1
2022-03,2023-07,15,2
2022-03,2023-07,16,2
2022-03,2023-08,16,1
2022-03,2023-08,17,2
2022-03,2023-09,17,1
2022-03,2023-09,18,1
2022-03,2023-10,18,1
2022-03,2023-10,19,4
2022-03,2023-11,19,2
2022-03,2023-11,20,3
2022-03,2023-12,20,1
2022-03,2023-12,21,2
2022-03,2024-01,21,1
2022-03,2024-01,22,2
2022-03,2024-02,22,3
2022-03,2024-02,23,1
2022-03,2024-03,23,5
2022-03,2024-03,24,3
2022-03,2024-04,24,2
2022-03,2024-05,25,2
2022-03,2024-05,26,3
2022-03,2024-06,27,1
2022-03,2024-07,27,1
2022-03,2024-07,28,2
2022-03,2024-08,28,2
2022-03,2024-09,29,1
2022-03,2024-09,30,2
2022-03,2024-10,31,3
2022-03,2024-11,31,1
2022-03,2024-11,32,3
2022-03,2024-12,32,2
2022-03,2024-12,33,3
2022-03,2025-01,33,3
2022-03,2025-01,34,4
2022-03,2025-02,34,3
2022-03,2025-02,35,1
2022-03,2025-03,36,2
2022-03,2025-04,36,3
2022-03,2025-04,37,1
2022-04,2022-04,0,110
2022-04,2022-05,0,2
2022-04,2022-05,1,1
2022-04,2022-06,2,2
2022-04,2022-08,3,1
2022-04,2022-09,4,1
2022-04,2022-09,5,3
2022-04,2022-11,6,3
2022-04,2022-11,7,3
2022-04,2022-12,7,2
2022-04,2023-01,9,4
2022-04,2023-02,10,1
2022-04,2023-03,11,2
2022-04,2023-04,11,1
2022-04,2023-04,12,1
2022-04,2023-05,12,1
2022-04,2023-05,13,3
2022-04,2023-06,13,3
2022-04,2023-06,14,1
2022-04,2023-07,15,1
2022-04,2023-08,15,1
2022-04,2023-08,16,2
2022-04,2023-10,17,1
2022-04,2023-10,18,1
2022-04,2023-11,18,1
2022-04,2023-11,19,3
2022-04,2023-12,19,3
2022-04,2024-01,20,2
2022-04,2024-01,21,1
2022-04,2024-03,22,1
2022-04,2024-03,23,3
2022-04,2024-04,23,2
2022-04,2024-04,24,2
2022-04,2024-05,24,1
2022-04,2024-06,25,2
2022-04,2024-07,27,1
2022-04,2024-08,27,2
2022-04,2024-08,28,2
2022-04,2024-09,28,1
2022-04,2024-09,29,1
2022-04,2024-10,29,1
2022-04,2024-11,30,1
2022-04,2024-11,31,2
2022-04,2024-12,32,1
2022-04,2025-01,32,2
2022-04,2025-01,33,2
2022-04,2025-02,33,3
2022-04,2025-02,34,1
2022-04,2025-03,34,1
2022-04,2025-03,35,3
2022-04,2025-04,35,6
2022-05,2022-05,0,120
2022-05,2022-06,0,2
2022-05,2022-06,1,1
2022-05,2022-07,1,2
2022-05,2022-07,2,2
2022-05,2022-08,2,2
2022-05,2022-08,3,1
2022-05,2022-09,3,1
2022-05,2022-09,4,1
2022-05,2022-10,4,3
2022-05,2022-10,5,1
2022-05,2022-11,5,1
2022-05,2022-11,6,2
2022-05,2022-12,7,1
2022-05,2023-01,8,3
2022-05,2023-02,9,2
2022-05,2023-03,9,1
2022-05,2023-03,10,2
2022-05,2023-04,10,2
2022-05,2023-04,11,1
2022-05,2023-05,11,2
2022-05,2023-06,12,1
2022-05,2023-06,13,2
2022-05,2023-07,13,2
2022-05,2023-07,14,1
2022-05,2023-08,15,2
2022-05,2023-09,15,1
2022-05,2023-09,16,1
2022-05,2023-10,16,1
2022-05,2023-11,17,1
2022-05,2023-12,18,5
2022-05,2024-01,20,2
2022-05,2024-02,21,2
2022-05,2024-03,21,1
2022-05,2024-03,22,3
2022-05,2024-04,22,5
2022-05,2024-05,23,2
2022-05,2024-05,24,4
2022-05,2024-07,25,1
2022-05,2024-07,26,1
2022-05,2024-08,26,2
2022-05,2024-08,27,2
2022-05,2024-09,27,3
2022-05,2024-10,28,2
2022-05,2024-10,29,1
2022-05,2024-11,29,3
2022-05,2024-11,30,2
2022-05,2024-12,30,2
2022-05,2024-12,31,3
2022-05,2025-01,31,1
2022-05,2025-01,32,5
2022-05,2025-02,32,2
2022-05,2025-02,33,2
2022-05,2025-03,33,1
2022-05,2025-04,35,2
2022-06,2022-06,0,120
2022-06,2022-07,0,1
2022-06,2022-07,1,1
2022-06,2022-09,2,1
2022-06,2022-09,3,1
2022-06,2022-10,4,2
2022-06,2022-11,4,1
2022-06,2022-11,5,2
2022-06,2022-12,5,1
2022-06,2022-12,6,1
2022-06,2023-02,7,1
2022-06,2023-02,8,1
2022-06,2023-03,8,1
2022-06,2023-04,9,4
2022-06,2023-04,10,2
2022-06,2023-05,10,5
2022-06,2023-06,11,2
2022-06,2023-06,12,3
2022-06,2023-07,12,3
2022-06,2023-07,13,1
2022-06,2023-08,13,1
2022-06,2023-08,14,1
2022-06,2023-09,14,3
2022-06,2023-09,15,1
2022-06,2023-10,15,1
2022-06,2023-10,16,3
2022-06,2023-11,16,1
2022-06,2023-12,17,1
2022-06,2023-12,18,2
2022-06,2024-01,18,1
2022-06,2024-01,19,3
2022-06,2024-02,19,1
2022-06,2024-02,20,2
2022-06,2024-03,20,3
2022-06,2024-03,21,1
2022-06,2024-04,21,1
2022-06,2024-04,22,2
2022-06,2024-05,23,1
2022-06,2024-06,23,1
2022-06,2024-06,24,3
2022-06,2024-07,25,2
2022-06,2024-08,25,3
2022-06,2024-08,26,1
2022-06,2024-09,26,3
2022-06,2024-09,27,1
2022-06,2024-10,27,1
2022-06,2024-10,28,1
2022-06,2024-11,29,1
2022-06,2024-12,29,2
2022-06,2024-12,30,2
2022-06,2025-01,30,2
2022-06,2025-01,31,3
2022-06,2025-02,32,2
2022-06,2025-03,32,1
2022-06,2025-04,33,1
2022-06,2025-04,34,2
2022-07,2022-07,0,118
2022-07,2022-08,1,4
2022-07,2022-09,1,3
2022-07,2022-09,2,2
2022-07,2022-10,3,2
2022-07,2022-11,3,3
2022-07,2022-11,4,1
2022-07,2022-12,4,1
2022-07,2023-01,6,2
2022-07,2023-02,6,3
2022-07,2023-02,7,2
2022-07,2023-03,7,1
2022-07,2023-03,8,1
2022-07,2023-04,8,3
2022-07,2023-05,9,3
2022-07,2023-06,10,2
2022-07,2023-07,11,2
2022-07,2023-08,12,1
2022-07,2023-08,13,2
2022-07,2023-09,13,3
2022-07,2023-09,14,2
2022-07,2023-10,15,1
2022-07,2023-11,15,2
2022-07,2023-11,16,1
2022-07,2023-12,16,3
2022-07,2023-12,17,5
2022-07,2024-01,18,1
2022-07,2024-02,18,3
2022-07,2024-03,20,1
2022-07,2024-04,20,1
2022-07,2024-04,21,1
2022-07,2024-05,22,3
2022-07,2024-06,23,1
2022-07,2024-07,23,1
2022-07,2024-07,24,2
2022-07,2024-08,24,2
2022-07,2024-08,25,2
2022-07,2024-09,25,2
2022-07,2024-09,26,3
2022-07,2024-10,26,2
2022-07,2024-10,27,1
2022-07,2024-11,27,3
2022-07,2024-11,28,1
2022-07,2024-12,28,2
2022-07,2024-12,29,2
2022-07,2025-01,29,1
2022-07,2025-01,30,3
2022-07,2025-02,30,3
2022-07,2025-03,31,1
2022-07,2025-03,32,1
2022-07,2025-04,32,1
2022-08,2022-08,0,111
2022-08,2022-09,0,1
2022-08,2022-09,1,1
2022-08,2022-10,1,2
2022-08,2022-10,2,3
2022-08,2022-11,2,4
2022-08,2022-11,3,2
2022-08,2022-12,4,1
2022-08,2023-01,4,2
2022-08,2023-01,5,2
2022-08,2023-02,5,5
2022-08,2023-02,6,1
2022-08,2023-03,6,2
2022-08,2023-03,7,3
2022-08,2023-04,8,2
2022-08,2023-05,8,1
2022-08,2023-05,9,1
2022-08,2023-06,10,3
2022-08,2023-07,10,2
2022-08,2023-08,11,2
2022-08,2023-08,12,2
2022-08,2023-09,12,1
2022-08,2023-09,13,2
2022-08,2023-10,13,4
2022-08,2023-10,14,2
2022-08,2023-11,14,5
2022-08,2023-11,15,1
2022-08,2023-12,15,2
2022-08,2023-12,16,2
2022-08,2024-01,16,2
2022-08,2024-01,17,2
2022-08,2024-02,17,3
2022-08,2024-02,18,2
2022-08,2024-03,18,2
2022-08,2024-03,19,2
2022-08,2024-04,19,1
2022-08,2024-05,20,1
2022-08,2024-05,21,2
2022-08,2024-06,21,2
2022-08,2024-06,22,1
2022-08,2024-08,23,2
2022-08,2024-08,24,2
2022-08,2024-09,25,1
2022-08,2024-10,25,1
2022-08,2024-10,26,4
2022-08,2024-11,26,2
2022-08,2024-11,27,2
2022-08,2024-12,27,2
2022-08,2024-12,28,1
2022-08,2025-01,28,1
2022-08,2025-01,29,2
2022-08,2025-02,29,3
2022-08,2025-02,30,1
2022-08,2025-03,31,1
2022-08,2025-04,31,2
2022-08,2025-04,32,2
2022-09,2022-09,0,104
2022-09,2022-10,1,1
2022-09,2022-11,1,1
2022-09,2022-11,2,1
2022-09,2022-12,3,2
2022-09,2023-01,3,1
2022-09,2023-01,4,3
2022-09,2023-02,5,1
2022-09,2023-03,5,1
2022-09,2023-03,6,2
2022-09,2023-04,7,1
2022-09,2023-05,7,2
2022-09,2023-05,8,1
2022-09,2023-06,8,2
2022-09,2023-07,9,1
2022-09,2023-07,10,2
2022-09,2023-08,10,1
2022-09,2023-08,11,3
2022-09,2023-09,12,1
2022-09,2023-10,12,2
2022-09,2023-11,14,1
2022-09,2024-01,15,1
2022-09,2024-01,16,1
2022-09,2024-02,17,2
2022-09,2024-03,18,2
2022-09,2024-04,18,1
2022-09,2024-05,19,1
2022-09,2024-05,20,2
2022-09,2024-06,20,2
2022-09,2024-06,21,2
2022-09,2024-07,21,2
2022-09,2024-07,22,3
2022-09,2024-08,22,1
2022-09,2024-08,23,1
2022-09,2024-09,23,1
2022-09,2024-10,25,3
2022-09,2024-11,26,1
2022-09,2025-01,27,1
2022-09,2025-01,28,4
2022-09,2025-03,29,1
2022-09,2025-04,31,2
2022-10,2022-10,0,92
2022-10,2022-11,0,2
2022-10,2023-01,2,1
2022-10,2023-02,3,1
2022-10,2023-03,4,2
2022-10,2023-03,5,4
2022-10,2023-04,5,3
2022-10,2023-04,6,2
2022-10,2023-05,7,2
2022-10,2023-06,7,1
2022-10,2023-06,8,2
2022-10,2023-07,9,2
2022-10,2023-08,10,4
2022-10,2023-09,10,2
2022-10,2023-09,11,3
2022-10,2023-10,11,3
2022-10,2023-10,12,1
2022-10,2023-11,12,3
2022-10,2023-11,13,1
2022-10,2023-12,13,2
2022-10,2024-01,14,3
2022-10,2024-01,15,2
2022-10,2024-02,15,1
2022-10,2024-03,16,1
2022-10,2024-03,17,2
2022-10,2024-04,17,2
2022-10,2024-05,19,1
2022-10,2024-06,19,1
2022-10,2024-07,20,1
2022-10,2024-07,21,1
2022-10,2024-08,21,2
2022-10,2024-08,22,3
2022-10,2024-09,23,1
2022-10,2024-10,23,2
2022-10,2024-11,25,1
2022-10,2024-12,25,2
2022-10,2025-01,26,2
2022-10,2025-02,27,1
2022-10,2025-02,28,1
2022-10,2025-03,28,1
2022-10,2025-03,29,2
2022-11,2022-11,0,99
2022-11,2022-12,0,1
2022-11,2022-12,1,1
2022-11,2023-01,2,4
2022-11,2023-02,2,1
2022-11,2023-02,3,1
2022-11,2023-03,4,1
2022-11,2023-04,4,5
2022-11,2023-04,5,1
2022-11,2023-05,5,2
2022-11,2023-05,6,1
2022-11,2023-06,6,1
2022-11,2023-06,7,3
2022-11,2023-07,7,2
2022-11,2023-07,8,2
2022-11,2023-08,8,4
2022-11,2023-09,10,2
2022-11,2023-10,10,2
2022-11,2023-10,11,2
2022-11,2023-11,11,1
2022-11,2023-11,12,1
2022-11,2023-12,12,1
2022-11,2023-12,13,2
2022-11,2024-01,13,1
2022-11,2024-02,14,2
2022-11,2024-02,15,2
2022-11,2024-03,15,2
2022-11,2024-03,16,2
2022-11,2024-05,18,4
2022-11,2024-06,18,2
2022-11,2024-06,19,3
2022-11,2024-07,19,1
2022-11,2024-08,21,1
2022-11,2024-09,21,1
2022-11,2024-09,22,1
2022-11,2024-10,22,2
2022-11,2024-10,23,2
2022-11,2024-11,23,1
2022-11,2024-11,24,2
2022-11,2024-12,24,2
2022-11,2024-12,25,3
2022-11,2025-01,25,1
2022-11,2025-01,26,4
2022-11,2025-02,26,1
2022-11,2025-02,27,2
2022-11,2025-03,27,1
2022-11,2025-03,28,3
2022-11,2025-04,28,1
2022-11,2025-04,29,2
2022-12,2022-12,0,80
2022-12,2023-02,2,3
2022-12,2023-03,3,2
2022-12,2023-04,4,1
2022-12,2023-05,4,1
2022-12,2023-05,5,1
2022-12,2023-06,6,2
2022-12,2023-07,6,1
2022-12,2023-07,7,1
2022-12,2023-08,8,1
2022-12,2023-09,8,2
2022-12,2023-09,9,5
2022-12,2023-10,9,2
2022-12,2023-11,10,3
2022-12,2023-12,11,2
2022-12,2023-12,12,1
2022-12,2024-01,12,1
2022-12,2024-02,13,1
2022-12,2024-04,15,1
2022-12,2024-05,17,1
2022-12,2024-06,17,1
2022-12,2024-06,18,2
2022-12,2024-07,19,1
2022-12,2024-08,19,1
2022-12,2024-08,20,2
2022-12,2024-09,20,1
2022-12,2024-10,22,2
2022-12,2024-12,24,1
2022-12,2025-01,24,2
2022-12,2025-02,25,1
2022-12,2025-02,26,1
2022-12,2025-03,26,2
2022-12,2025-03,27,2
2022-12,2025-04,27,1
2022-12,2025-04,28,2
2023-01,2023-01,0,99
2023-01,2023-02,1,2
2023-01,2023-04,2,1
2023-01,2023-04,3,1
2023-01,2023-05,3,1
2023-01,2023-05,4,1
2023-01,2023-06,4,3
2023-01,2023-06,5,2
2023-01,2023-07,5,2
2023-01,2023-07,6,3
2023-01,2023-08,6,2
2023-01,2023-08,7,2
2023-01,2023-10,9,2
2023-01,2023-11,9,2
2023-01,2023-11,10,2
2023-01,2023-12,11,1
2023-01,2024-01,12,1
2023-01,2024-02,13,1
2023-01,2024-03,13,2
2023-01,2024-03,14,3
2023-01,2024-04,15,1
2023-01,2024-05,15,2
2023-01,2024-05,16,2
2023-01,2024-07,17,1
2023-01,2024-07,18,2
2023-01,2024-08,18,1
2023-01,2024-08,19,4
2023-01,2024-10,20,2
2023-01,2024-10,21,4
2023-01,2024-11,22,2
2023-01,2024-12,22,2
2023-01,2024-12,23,3
2023-01,2025-01,23,2
2023-01,2025-01,24,1
2023-01,2025-02,24,1
2023-01,2025-03,25,3
2023-01,2025-04,26,1
2023-01,2025-04,27,1
2023-02,2023-02,0,94
2023-02,2023-04,1,2
2023-02,2023-04,2,3
2023-02,2023-05,2,2
2023-02,2023-05,3,3
2023-02,2023-06,3,1
2023-02,2023-07,4,3
2023-02,2023-08,5,1
2023-02,2023-08,6,4
2023-02,2023-09,7,5
2023-02,2023-11,8,2
2023-02,2023-11,9,3
2023-02,2024-01,11,1
2023-02,2024-02,11,1
2023-02,2024-03,12,2
2023-02,2024-05,14,1
2023-02,2024-05,15,1
2023-02,2024-06,15,1
2023-02,2024-06,16,1
2023-02,2024-07,17,1
2023-02,2024-08,18,1
2023-02,2024-09,18,1
2023-02,2024-09,19,2
2023-02,2024-10,20,3
2023-02,2024-12,22,1
2023-02,2025-01,22,1
2023-02,2025-02,23,1
2023-02,2025-02,24,1
2023-02,2025-03,24,2
2023-02,2025-03,25,2
2023-02,2025-04,25,1
2023-02,2025-04,26,1
2023-03,2023-03,0,82
2023-03,2023-04,0,1
2023-03,2023-05,1,1
2023-03,2023-06,2,3
2023-03,2023-06,3,2
2023-03,2023-07,3,1
2023-03,2023-08,4,1
2023-03,2023-08,5,2
2023-03,2023-09,5,1
2023-03,2023-10,6,2
2023-03,2023-10,7,2
2023-03,2023-11,8,1
2023-03,2023-12,8,1
2023-03,2023-12,9,2
2023-03,2024-01,9,2
2023-03,2024-01,10,1
2023-03,2024-02,11,3
2023-03,2024-03,12,1
2023-03,2024-04,12,1
2023-03,2024-05,13,1
2023-03,2024-05,14,1
2023-03,2024-06,14,2
2023-03,2024-07,15,1
2023-03,2024-08,16,1
2023-03,2024-08,17,1
2023-03,2024-09,18,1
2023-03,2024-11,19,2
2023-03,2025-01,21,1
2023-03,2025-03,23,1
2023-03,2025-03,24,2
2023-03,2025-04,24,1
2023-03,2025-04,25,2
2023-04,2023-04,0,85
2023-04,2023-05,0,1
2023-04,2023-05,1,2
2023-04,2023-06,1,1
2023-04,2023-06,2,1
2023-04,2023-07,2,1
2023-04,2023-08,4,3
2023-04,2023-09,4,1
2023-04,2023-09,5,1
2023-04,2023-10,5,1
2023-04,2023-10,6,1
2023-04,2023-11,6,1
2023-04,2023-11,7,1
2023-04,2023-12,7,1
2023-04,2023-12,8,1
2023-04,2024-01,8,2
2023-04,2024-01,9,1
2023-04,2024-02,9,1
2023-04,2024-02,10,1
2023-04,2024-03,11,3
2023-04,2024-06,13,3
2023-04,2024-06,14,2
2023-04,2024-07,14,1
2023-04,2024-08,15,2
2023-04,2024-10,17,1
2023-04,2024-11,18,4
2023-04,2024-12,19,3
2023-04,2024-12,20,2
2023-04,2025-01,20,1
2023-04,2025-01,21,1
2023-04,2025-04,24,1
2023-05,2023-05,0,83
2023-05,2023-06,0,4
2023-05,2023-07,1,2
2023-05,2023-08,2,1
2023-05,2023-08,3,1
2023-05,2023-09,4,1
2023-05,2023-10,4,1
2023-05,2023-10,5,3
2023-05,2023-11,5,1
2023-05,2023-11,6,2
2023-05,2023-12,6,2
2023-05,2023-12,7,2
2023-05,2024-02,9,1
2023-05,2024-03,9,1
2023-05,2024-03,10,2
2023-05,2024-04,11,1
2023-05,2024-05,12,2
2023-05,2024-06,12,2
2023-05,2024-06,13,1
2023-05,2024-07,13,3
2023-05,2024-07,14,1
2023-05,2024-08,14,2
2023-05,2024-08,15,1
2023-05,2024-09,16,1
2023-05,2024-10,16,2
2023-05,2024-11,18,1
2023-05,2024-12,18,2
2023-05,2024-12,19,1
2023-05,2025-01,20,1
2023-05,2025-02,20,4
2023-05,2025-02,21,1
2023-05,2025-03,21,1
2023-06,2023-06,0,64
2023-06,2023-07,0,2
2023-06,2023-08,1,1
2023-06,2023-08,2,2
2023-06,2023-09,2,2
2023-06,2023-10,3,2
2023-06,2023-12,6,1
2023-06,2024-02,7,2
2023-06,2024-02,8,1
2023-06,2024-05,10,1
2023-06,2024-05,11,1
2023-06,2024-06,11,1
2023-06,2024-06,12,2
2023-06,2024-07,12,1
2023-06,2024-08,14,2
2023-06,2024-09,15,1
2023-06,2024-10,15,3
2023-06,2024-10,16,2
2023-06,2024-11,16,2
2023-06,2024-12,18,2
2023-06,2025-01,19,1
2023-06,2025-03,21,1
2023-07,2023-07,0,97
2023-07,2023-08,0,1
2023-07,2023-08,1,2
2023-07,2023-10,2,2
2023-07,2023-11,3,1
2023-07,2023-12,4,1
2023-07,2023-12,5,2
2023-07,2024-01,5,1
2023-07,2024-02,6,2
2023-07,2024-03,7,2
2023-07,2024-04,8,1
2023-07,2024-06,10,2
2023-07,2024-08,12,2
2023-07,2024-09,14,1
2023-07,2024-10,14,2
2023-07,2024-10,15,1
2023-07,2024-11,15,2
2023-07,2024-11,16,1
2023-07,2025-01,18,1
2023-07,2025-02,18,1
2023-07,2025-02,19,1
2023-07,2025-04,20,1
2023-07,2025-04,21,2
2023-08,2023-08,0,81
2023-08,2023-09,0,1
2023-08,2023-09,1,1
2023-08,2023-10,1,3
2023-08,2023-11,3,1
2023-08,2023-12,3,1
2023-08,2024-01,5,1
2023-08,2024-02,5,2
2023-08,2024-02,6,1
2023-08,2024-04,8,1
2023-08,2024-05,8,4
2023-08,2024-05,9,1
2023-08,2024-06,9,1
2023-08,2024-07,10,2
2023-08,2024-08,11,2
2023-08,2024-09,12,1
2023-08,2024-09,13,1
2023-08,2024-10,13,1
2023-08,2024-11,14,1
2023-08,2024-12,15,2
2023-08,2025-01,16,2
2023-08,2025-02,17,2
2023-08,2025-02,18,1
2023-08,2025-03,18,3
2023-08,2025-03,19,1
2023-08,2025-04,19,1
2023-08,2025-04,20,1
2023-09,2023-09,0,69
2023-09,2023-10,0,1
2023-09,2023-11,1,1
2023-09,2023-12,2,1
2023-09,2024-01,4,2
2023-09,2024-02,4,1
2023-09,2024-02,5,1
2023-09,2024-03,5,1
2023-09,2024-03,6,1
2023-09,2024-04,6,2
2023-09,2024-04,7,1
2023-09,2024-05,7,3
2023-09,2024-05,8,1
2023-09,2024-06,8,1
2023-09,2024-07,10,1
2023-09,2024-08,11,2
2023-09,2024-09,11,1
2023-09,2024-09,12,3
2023-09,2024-10,12,1
2023-09,2024-12,15,2
2023-09,2025-01,15,1
2023-09,2025-01,16,2
2023-09,2025-02,17,1
2023-09,2025-03,17,2
2023-09,2025-04,18,1
2023-09,2025-04,19,1
2023-10,2023-10,0,93
2023-10,2023-11,0,2
2023-10,2023-12,1,1
2023-10,2024-01,3,2
2023-10,2024-02,3,2
2023-10,2024-02,4,3
2023-10,2024-03,4,2
2023-10,2024-03,5,3
2023-10,2024-04,5,3
2023-10,2024-04,6,1
2023-10,2024-05,6,1
2023-10,2024-05,7,1
2023-10,2024-06,7,2
2023-10,2024-06,8,1
2023-10,2024-07,8,1
2023-10,2024-08,10,1
2023-10,2024-09,11,1
2023-10,2024-10,12,1
2023-10,2024-11,13,2
2023-10,2025-01,14,2
2023-10,2025-01,15,1
2023-10,2025-02,15,2
2023-10,2025-03,16,1
2023-10,2025-03,17,1
2023-10,2025-04,17,1
2023-10,2025-04,18,1
2023-11,2023-11,0,63
2023-11,2024-01,1,2
2023-11,2024-04,4,1
2023-11,2024-04,5,1
2023-11,2024-05,5,2
2023-11,2024-07,7,1
2023-11,2024-08,8,2
2023-11,2024-08,9,3
2023-11,2024-09,10,1
2023-11,2024-10,11,1
2023-11,2024-11,11,2
2023-11,2025-02,14,5
2023-11,2025-02,15,1
2023-11,2025-03,15,1
2023-11,2025-03,16,1
2023-11,2025-04,16,1
2023-11,2025-04,17,1
2023-12,2023-12,0,73
2023-12,2024-01,0,2
2023-12,2024-01,1,1
2023-12,2024-04,4,1
2023-12,2024-05,5,2
2023-12,2024-06,5,2
2023-12,2024-07,6,3
2023-12,2024-07,7,2
2023-12,2024-08,7,1
2023-12,2024-09,9,1
2023-12,2024-10,10,2
2023-12,2024-11,10,1
2023-12,2024-11,11,1
2023-12,2024-12,11,3
2023-12,2024-12,12,1
2023-12,2025-01,12,2
2023-12,2025-01,13,2
2023-12,2025-02,13,1
2023-12,2025-02,14,1
2023-12,2025-03,14,1
2023-12,2025-03,15,1
2023-12,2025-04,15,1
2023-12,2025-04,16,2
2024-01,2024-01,0,82
2024-01,2024-02,0,2
2024-01,2024-03,1,2
2024-01,2024-03,2,2
2024-01,2024-04,2,1
2024-01,2024-05,3,3
2024-01,2024-05,4,1
2024-01,2024-06,5,2
2024-01,2024-07,5,2
2024-01,2024-08,6,2
2024-01,2024-08,7,1
2024-01,2024-09,7,3
2024-01,2024-09,8,3
2024-01,2024-10,8,1
2024-01,2024-10,9,1
2024-01,2024-11,10,1
2024-01,2025-02,12,1
2024-01,2025-03,13,1
2024-01,2025-04,15,2
2024-02,2024-02,0,56
2024-02,2024-03,0,1
2024-02,2024-03,1,1
2024-02,2024-05,2,1
2024-02,2024-07,4,2
2024-02,2024-08,6,3
2024-02,2024-09,7,2
2024-02,2024-10,8,1
2024-02,2024-11,8,3
2024-02,2024-11,9,1
2024-02,2024-12,10,1
2024-02,2025-01,10,1
2024-02,2025-03,13,1
2024-03,2024-03,0,73
2024-03,2024-04,1,1
2024-03,2024-05,1,1
2024-03,2024-05,2,2
2024-03,2024-06,2,2
2024-03,2024-07,3,1
2024-03,2024-08,4,1
2024-03,2024-08,5,1
2024-03,2024-09,5,1
2024-03,2024-09,6,1
2024-03,2024-10,6,1
2024-03,2024-10,7,1
2024-03,2024-11,7,2
2024-03,2024-12,8,2
2024-03,2024-12,9,1
2024-03,2025-01,9,2
2024-03,2025-01,10,1
2024-03,2025-02,10,3
2024-03,2025-03,11,1
2024-03,2025-03,12,1
2024-03,2025-04,12,1
2024-03,2025-04,13,1
2024-04,2024-04,0,49
2024-04,2024-06,1,1
2024-04,2024-07,2,1
2024-04,2024-09,5,1
2024-04,2024-12,7,1
2024-04,2025-01,9,2
2024-04,2025-02,9,1
2024-04,2025-02,10,1
2024-04,2025-03,10,1
2024-04,2025-03,11,1
2024-05,2024-05,0,70
2024-05,2024-06,0,2
2024-05,2024-06,1,1
2024-05,2024-07,2,1
2024-05,2024-09,4,2
2024-05,2024-10,4,1
2024-05,2024-12,6,2
2024-05,2024-12,7,2
2024-05,2025-01,7,1
2024-05,2025-02,8,1
2024-05,2025-03,9,2
2024-06,2024-06,0,54
2024-06,2024-08,2,1
2024-06,2024-09,2,1
2024-06,2024-12,5,1
2024-06,2024-12,6,3
2024-06,2025-01,6,1
2024-06,2025-02,7,2
2024-06,2025-03,9,1
2024-06,2025-04,9,2
2024-06,2025-04,10,1
2024-07,2024-07,0,58
2024-07,2024-08,1,1
2024-07,2024-09,2,4
2024-07,2024-10,2,2
2024-07,2024-10,3,2
2024-07,2024-11,4,1
2024-07,2024-12,4,1
2024-07,2025-01,6,2
2024-07,2025-02,6,1
2024-07,2025-03,7,3
2024-07,2025-04,8,1
2024-08,2024-08,0,56
2024-08,2024-09,0,1
2024-08,2024-09,1,2
2024-08,2024-10,1,1
2024-08,2024-10,2,1
2024-08,2024-11,3,1
2024-08,2025-01,4,2
2024-08,2025-02,5,2
2024-08,2025-02,6,2
2024-08,2025-03,6,1
2024-08,2025-03,7,3
2024-09,2024-09,0,59
2024-09,2024-10,0,1
2024-09,2024-10,1,1
2024-09,2024-11,1,1
2024-09,2024-11,2,1
2024-09,2025-01,4,1
2024-09,2025-03,5,1
2024-09,2025-03,6,1
2024-09,2025-04,7,2
2024-10,2024-10,0,58
2024-10,2024-11,0,1
2024-10,2024-12,1,1
2024-10,2024-12,2,2
2024-10,2025-02,3,1
2024-10,2025-03,4,1
2024-10,2025-03,5,1
2024-11,2024-11,0,50
2024-11,2024-12,0,1
2024-11,2025-03,4,2
2024-12,2024-12,0,50
2024-12,2025-01,0,2
2024-12,2025-02,1,1
2024-12,2025-02,2,1
2024-12,2025-03,2,1
2024-12,2025-03,3,1
2024-12,2025-04,4,1
2025-01,2025-01,0,49
2025-01,2025-02,0,1
2025-01,2025-03,1,1
2025-01,2025-04,2,1
2025-02,2025-02,0,39
2025-03,2025-03,0,58
2025-04,2025-04,0,39
